Time,MV101,P101,LIT101,LIT301,FIT101,FIT201
0,1,0,0.809444444444445,0.500,2.55,0.0
0.2,1,0,0.818888888888889,0.500,2.55,0.0
0.4,1,0,0.828333333333333,0.500,2.55,0.0
0.6000000000000001,1,0,0.837777777777778,0.500,2.55,0.0
0.8,0,0,0.837777777777778,0.500,0.0,0.0
1.0,0,0,0.837777777777778,0.500,0.0,0.0
1.2,0,0,0.837777777777778,0.500,0.0,0.0
1.4,0,0,0.837777777777778,0.500,0.0,0.0
1.5999999999999999,0,0,0.837777777777778,0.500,0.0,0.0
1.7999999999999998,0,0,0.837777777777778,0.500,0.0,0.0
1.9999999999999998,0,0,0.837777777777778,0.500,0.0,0.0
2.1999999999999997,0,0,0.837777777777778,0.500,0.0,0.0
2.4,0,0,0.837777777777778,0.500,0.0,0.0
2.6,0,0,0.837777777777778,0.500,0.0,0.0
2.8000000000000003,0,0,0.837777777777778,0.500,0.0,0.0
3.0000000000000004,0,0,0.837777777777778,0.500,0.0,0.0
3.2000000000000006,0,0,0.837777777777778,0.500,0.0,0.0
3.400000000000001,0,0,0.837777777777778,0.500,0.0,0.0
3.600000000000001,0,0,0.837777777777778,0.500,0.0,0.0
3.800000000000001,0,0,0.837777777777778,0.500,0.0,0.0
4.000000000000001,0,0,0.837777777777778,0.500,0.0,0.0
4.200000000000001,0,0,0.837777777777778,0.500,0.0,0.0
4.400000000000001,0,0,0.837777777777778,0.500,0.0,0.0
4.600000000000001,0,0,0.837777777777778,0.500,0.0,0.0
4.800000000000002,0,0,0.837777777777778,0.500,0.0,0.0
5.000000000000002,0,0,0.837777777777778,0.500,0.0,0.0
5.200000000000002,0,0,0.837777777777778,0.500,0.0,0.0
5.400000000000002,0,0,0.837777777777778,0.500,0.0,0.0
5.600000000000002,0,0,0.837777777777778,0.500,0.0,0.0
5.8000000000000025,0,0,0.837777777777778,0.500,0.0,0.0
6.000000000000003,0,0,0.837777777777778,0.500,0.0,0.0
6.200000000000003,0,0,0.837777777777778,0.500,0.0,0.0
6.400000000000003,0,0,0.837777777777778,0.500,0.0,0.0
6.600000000000003,0,0,0.837777777777778,0.500,0.0,0.0
6.800000000000003,0,0,0.837777777777778,0.500,0.0,0.0
7.0000000000000036,0,0,0.837777777777778,0.500,0.0,0.0
7.200000000000004,0,0,0.837777777777778,0.500,0.0,0.0
7.400000000000004,0,0,0.837777777777778,0.500,0.0,0.0
7.600000000000004,0,0,0.837777777777778,0.500,0.0,0.0
7.800000000000004,0,0,0.837777777777778,0.500,0.0,0.0
8.000000000000004,0,0,0.837777777777778,0.500,0.0,0.0
8.200000000000003,0,0,0.837777777777778,0.500,0.0,0.0
8.400000000000002,0,0,0.837777777777778,0.500,0.0,0.0
8.600000000000001,0,0,0.837777777777778,0.500,0.0,0.0
8.8,0,0,0.837777777777778,0.500,0.0,0.0
9.0,0,0,0.837777777777778,0.500,0.0,0.0
9.2,0,0,0.837777777777778,0.500,0.0,0.0
9.399999999999999,0,0,0.837777777777778,0.500,0.0,0.0
9.599999999999998,0,0,0.837777777777778,0.500,0.0,0.0
9.799999999999997,0,0,0.837777777777778,0.500,0.0,0.0
9.999999999999996,0,0,0.837777777777778,0.500,0.0,0.0
10.199999999999996,0,0,0.837777777777778,0.500,0.0,0.0
10.399999999999995,0,0,0.837777777777778,0.500,0.0,0.0
10.599999999999994,0,0,0.837777777777778,0.500,0.0,0.0
10.799999999999994,0,0,0.837777777777778,0.500,0.0,0.0
10.999999999999993,0,0,0.837777777777778,0.500,0.0,0.0
11.199999999999992,0,0,0.837777777777778,0.500,0.0,0.0
11.399999999999991,0,0,0.837777777777778,0.500,0.0,0.0
11.59999999999999,0,0,0.837777777777778,0.500,0.0,0.0
11.79999999999999,0,0,0.837777777777778,0.500,0.0,0.0
11.99999999999999,0,0,0.837777777777778,0.500,0.0,0.0
12.199999999999989,0,0,0.837777777777778,0.500,0.0,0.0
12.399999999999988,0,0,0.837777777777778,0.500,0.0,0.0
12.599999999999987,0,0,0.837777777777778,0.500,0.0,0.0
12.799999999999986,0,0,0.837777777777778,0.500,0.0,0.0
12.999999999999986,0,0,0.837777777777778,0.500,0.0,0.0
13.199999999999985,0,0,0.837777777777778,0.500,0.0,0.0
13.399999999999984,0,0,0.837777777777778,0.500,0.0,0.0
13.599999999999984,0,0,0.837777777777778,0.500,0.0,0.0
13.799999999999983,0,0,0.837777777777778,0.500,0.0,0.0
13.999999999999982,0,0,0.837777777777778,0.500,0.0,0.0
14.199999999999982,0,0,0.837777777777778,0.500,0.0,0.0
14.39999999999998,0,0,0.837777777777778,0.500,0.0,0.0
14.59999999999998,0,0,0.837777777777778,0.500,0.0,0.0
14.79999999999998,0,0,0.837777777777778,0.500,0.0,0.0
14.999999999999979,0,0,0.837777777777778,0.500,0.0,0.0
15.199999999999978,0,0,0.837777777777778,0.500,0.0,0.0
15.399999999999977,0,0,0.837777777777778,0.500,0.0,0.0
15.599999999999977,0,0,0.837777777777778,0.500,0.0,0.0
15.799999999999976,0,0,0.837777777777778,0.500,0.0,0.0
15.999999999999975,0,0,0.837777777777778,0.500,0.0,0.0
16.199999999999974,0,0,0.837777777777778,0.500,0.0,0.0
16.399999999999974,0,0,0.837777777777778,0.500,0.0,0.0
16.599999999999973,0,0,0.837777777777778,0.500,0.0,0.0
16.799999999999972,0,0,0.837777777777778,0.500,0.0,0.0
16.99999999999997,0,0,0.837777777777778,0.500,0.0,0.0
17.19999999999997,0,0,0.837777777777778,0.500,0.0,0.0
17.39999999999997,0,0,0.837777777777778,0.500,0.0,0.0
17.59999999999997,0,0,0.837777777777778,0.500,0.0,0.0
17.79999999999997,0,0,0.837777777777778,0.500,0.0,0.0
17.999999999999968,0,0,0.837777777777778,0.500,0.0,0.0
18.199999999999967,0,0,0.837777777777778,0.500,0.0,0.0
18.399999999999967,0,0,0.837777777777778,0.500,0.0,0.0
18.599999999999966,0,0,0.837777777777778,0.500,0.0,0.0
18.799999999999965,0,0,0.837777777777778,0.500,0.0,0.0
18.999999999999964,0,0,0.837777777777778,0.500,0.0,0.0
19.199999999999964,0,0,0.837777777777778,0.500,0.0,0.0
19.399999999999963,0,0,0.837777777777778,0.500,0.0,0.0
19.599999999999962,0,0,0.837777777777778,0.500,0.0,0.0
19.79999999999996,0,0,0.837777777777778,0.500,0.0,0.0
19.99999999999996,0,0,0.837777777777778,0.500,0.0,0.0
20.19999999999996,0,0,0.837777777777778,0.500,0.0,0.0
20.39999999999996,0,0,0.837777777777778,0.500,0.0,0.0
20.59999999999996,0,0,0.837777777777778,0.500,0.0,0.0
20.799999999999958,0,0,0.837777777777778,0.500,0.0,0.0
20.999999999999957,0,0,0.837777777777778,0.500,0.0,0.0
21.199999999999957,0,0,0.837777777777778,0.500,0.0,0.0
21.399999999999956,0,0,0.837777777777778,0.500,0.0,0.0
21.599999999999955,0,0,0.837777777777778,0.500,0.0,0.0
21.799999999999955,0,0,0.837777777777778,0.500,0.0,0.0
21.999999999999954,0,0,0.837777777777778,0.500,0.0,0.0
22.199999999999953,0,0,0.837777777777778,0.500,0.0,0.0
22.399999999999952,0,0,0.837777777777778,0.500,0.0,0.0
22.59999999999995,0,0,0.837777777777778,0.500,0.0,0.0
22.79999999999995,0,0,0.837777777777778,0.500,0.0,0.0
22.99999999999995,0,0,0.837777777777778,0.500,0.0,0.0
23.19999999999995,0,0,0.837777777777778,0.500,0.0,0.0
23.39999999999995,0,0,0.837777777777778,0.500,0.0,0.0
23.599999999999948,0,0,0.837777777777778,0.500,0.0,0.0
23.799999999999947,0,0,0.837777777777778,0.500,0.0,0.0
23.999999999999947,0,0,0.837777777777778,0.500,0.0,0.0
24.199999999999946,0,0,0.837777777777778,0.500,0.0,0.0
24.399999999999945,0,0,0.837777777777778,0.500,0.0,0.0
24.599999999999945,0,0,0.837777777777778,0.500,0.0,0.0
24.799999999999944,0,0,0.837777777777778,0.500,0.0,0.0
24.999999999999943,0,0,0.837777777777778,0.500,0.0,0.0
25.199999999999942,0,0,0.837777777777778,0.500,0.0,0.0
25.39999999999994,0,0,0.837777777777778,0.500,0.0,0.0
25.59999999999994,0,0,0.837777777777778,0.500,0.0,0.0
25.79999999999994,0,0,0.837777777777778,0.500,0.0,0.0
25.99999999999994,0,0,0.837777777777778,0.500,0.0,0.0
26.19999999999994,0,0,0.837777777777778,0.500,0.0,0.0
26.399999999999938,0,0,0.837777777777778,0.500,0.0,0.0
26.599999999999937,0,0,0.837777777777778,0.500,0.0,0.0
26.799999999999937,0,0,0.837777777777778,0.500,0.0,0.0
26.999999999999936,0,0,0.837777777777778,0.500,0.0,0.0
27.199999999999935,0,0,0.837777777777778,0.500,0.0,0.0
27.399999999999935,0,0,0.837777777777778,0.500,0.0,0.0
27.599999999999934,0,0,0.837777777777778,0.500,0.0,0.0
27.799999999999933,0,0,0.837777777777778,0.500,0.0,0.0
27.999999999999932,0,0,0.837777777777778,0.500,0.0,0.0
28.199999999999932,0,0,0.837777777777778,0.500,0.0,0.0
28.39999999999993,0,0,0.837777777777778,0.500,0.0,0.0
28.59999999999993,0,0,0.837777777777778,0.500,0.0,0.0
28.79999999999993,0,0,0.837777777777778,0.500,0.0,0.0
28.99999999999993,0,0,0.837777777777778,0.500,0.0,0.0
29.19999999999993,0,0,0.837777777777778,0.500,0.0,0.0
29.399999999999928,0,0,0.837777777777778,0.500,0.0,0.0
29.599999999999927,0,0,0.837777777777778,0.500,0.0,0.0
29.799999999999926,0,0,0.837777777777778,0.500,0.0,0.0
29.999999999999925,0,0,0.837777777777778,0.500,0.0,0.0
30.199999999999925,0,0,0.837777777777778,0.500,0.0,0.0
30.399999999999924,0,0,0.837777777777778,0.500,0.0,0.0
30.599999999999923,0,0,0.837777777777778,0.500,0.0,0.0
30.799999999999923,0,0,0.837777777777778,0.500,0.0,0.0
30.999999999999922,0,0,0.837777777777778,0.500,0.0,0.0
31.19999999999992,0,0,0.837777777777778,0.500,0.0,0.0
31.39999999999992,0,0,0.837777777777778,0.500,0.0,0.0
31.59999999999992,0,0,0.837777777777778,0.500,0.0,0.0
31.79999999999992,0,0,0.837777777777778,0.500,0.0,0.0
31.99999999999992,0,0,0.837777777777778,0.500,0.0,0.0
32.19999999999992,0,0,0.837777777777778,0.500,0.0,0.0
32.39999999999992,0,0,0.837777777777778,0.500,0.0,0.0
32.59999999999992,0,0,0.837777777777778,0.500,0.0,0.0
32.799999999999926,0,0,0.837777777777778,0.500,0.0,0.0
32.99999999999993,0,0,0.837777777777778,0.500,0.0,0.0
33.19999999999993,0,0,0.837777777777778,0.500,0.0,0.0
33.399999999999935,0,0,0.837777777777778,0.500,0.0,0.0
33.59999999999994,0,0,0.837777777777778,0.500,0.0,0.0
33.79999999999994,0,0,0.837777777777778,0.500,0.0,0.0
33.99999999999994,0,0,0.837777777777778,0.500,0.0,0.0
34.199999999999946,0,0,0.837777777777778,0.500,0.0,0.0
34.39999999999995,0,0,0.837777777777778,0.500,0.0,0.0
34.59999999999995,0,0,0.837777777777778,0.500,0.0,0.0
34.799999999999955,0,0,0.837777777777778,0.500,0.0,0.0
34.99999999999996,0,0,0.837777777777778,0.500,0.0,0.0
35.19999999999996,0,0,0.837777777777778,0.500,0.0,0.0
35.39999999999996,0,0,0.837777777777778,0.500,0.0,0.0
35.599999999999966,0,0,0.837777777777778,0.500,0.0,0.0
35.79999999999997,0,0,0.837777777777778,0.500,0.0,0.0
35.99999999999997,0,0,0.837777777777778,0.500,0.0,0.0
36.199999999999974,0,0,0.837777777777778,0.500,0.0,0.0
36.39999999999998,0,0,0.837777777777778,0.500,0.0,0.0
36.59999999999998,0,0,0.837777777777778,0.500,0.0,0.0
36.79999999999998,0,0,0.837777777777778,0.500,0.0,0.0
36.999999999999986,0,0,0.837777777777778,0.500,0.0,0.0
37.19999999999999,0,0,0.837777777777778,0.500,0.0,0.0
37.39999999999999,0,0,0.837777777777778,0.500,0.0,0.0
37.599999999999994,0,0,0.837777777777778,0.500,0.0,0.0
37.8,0,0,0.837777777777778,0.500,0.0,0.0
38.0,0,0,0.837777777777778,0.500,0.0,0.0
38.2,0,0,0.837777777777778,0.500,0.0,0.0
38.400000000000006,0,0,0.837777777777778,0.500,0.0,0.0
38.60000000000001,0,0,0.837777777777778,0.500,0.0,0.0
38.80000000000001,0,0,0.837777777777778,0.500,0.0,0.0
39.000000000000014,0,0,0.837777777777778,0.500,0.0,0.0
39.20000000000002,0,0,0.837777777777778,0.500,0.0,0.0
39.40000000000002,0,0,0.837777777777778,0.500,0.0,0.0
39.60000000000002,0,0,0.837777777777778,0.500,0.0,0.0
39.800000000000026,0,0,0.837777777777778,0.500,0.0,0.0
40.00000000000003,0,0,0.837777777777778,0.500,0.0,0.0
40.20000000000003,0,0,0.837777777777778,0.500,0.0,0.0
40.400000000000034,0,0,0.837777777777778,0.500,0.0,0.0
40.60000000000004,0,0,0.837777777777778,0.500,0.0,0.0
40.80000000000004,0,0,0.837777777777778,0.500,0.0,0.0
41.00000000000004,0,0,0.837777777777778,0.500,0.0,0.0
41.200000000000045,0,0,0.837777777777778,0.500,0.0,0.0
41.40000000000005,0,0,0.837777777777778,0.500,0.0,0.0
41.60000000000005,0,0,0.837777777777778,0.500,0.0,0.0
41.800000000000054,0,0,0.837777777777778,0.500,0.0,0.0
42.00000000000006,0,0,0.837777777777778,0.500,0.0,0.0
42.20000000000006,0,0,0.837777777777778,0.500,0.0,0.0
42.40000000000006,0,0,0.837777777777778,0.500,0.0,0.0
42.600000000000065,0,0,0.837777777777778,0.500,0.0,0.0
42.80000000000007,0,0,0.837777777777778,0.500,0.0,0.0
43.00000000000007,0,0,0.837777777777778,0.500,0.0,0.0
43.200000000000074,0,0,0.837777777777778,0.500,0.0,0.0
43.40000000000008,0,0,0.837777777777778,0.500,0.0,0.0
43.60000000000008,0,0,0.837777777777778,0.500,0.0,0.0
43.80000000000008,0,0,0.837777777777778,0.500,0.0,0.0
44.000000000000085,0,0,0.837777777777778,0.500,0.0,0.0
44.20000000000009,0,0,0.837777777777778,0.500,0.0,0.0
44.40000000000009,0,0,0.837777777777778,0.500,0.0,0.0
44.600000000000094,0,0,0.837777777777778,0.500,0.0,0.0
44.8000000000001,0,0,0.837777777777778,0.500,0.0,0.0
45.0000000000001,0,0,0.837777777777778,0.500,0.0,0.0
45.2000000000001,0,0,0.837777777777778,0.500,0.0,0.0
45.400000000000105,0,0,0.837777777777778,0.500,0.0,0.0
45.60000000000011,0,0,0.837777777777778,0.500,0.0,0.0
45.80000000000011,0,0,0.837777777777778,0.500,0.0,0.0
46.000000000000114,0,0,0.837777777777778,0.500,0.0,0.0
46.20000000000012,0,0,0.837777777777778,0.500,0.0,0.0
46.40000000000012,0,0,0.837777777777778,0.500,0.0,0.0
46.60000000000012,0,0,0.837777777777778,0.500,0.0,0.0
46.800000000000125,0,0,0.837777777777778,0.500,0.0,0.0
47.00000000000013,0,0,0.837777777777778,0.500,0.0,0.0
47.20000000000013,0,0,0.837777777777778,0.500,0.0,0.0
47.400000000000134,0,0,0.837777777777778,0.500,0.0,0.0
47.600000000000136,0,0,0.837777777777778,0.500,0.0,0.0
47.80000000000014,0,0,0.837777777777778,0.500,0.0,0.0
48.00000000000014,0,0,0.837777777777778,0.500,0.0,0.0
48.200000000000145,0,0,0.837777777777778,0.500,0.0,0.0
48.40000000000015,0,0,0.837777777777778,0.500,0.0,0.0
48.60000000000015,0,0,0.837777777777778,0.500,0.0,0.0
48.80000000000015,0,0,0.837777777777778,0.500,0.0,0.0
49.000000000000156,0,0,0.837777777777778,0.500,0.0,0.0
49.20000000000016,0,0,0.837777777777778,0.500,0.0,0.0
49.40000000000016,0,0,0.837777777777778,0.500,0.0,0.0
49.600000000000165,0,0,0.837777777777778,0.500,0.0,0.0
49.80000000000017,0,0,0.837777777777778,0.500,0.0,0.0
50.00000000000017,0,0,0.837777777777778,0.500,0.0,0.0
50.20000000000017,0,0,0.837777777777778,0.500,0.0,0.0
50.400000000000176,0,0,0.837777777777778,0.500,0.0,0.0
50.60000000000018,0,0,0.837777777777778,0.500,0.0,0.0
50.80000000000018,0,0,0.837777777777778,0.500,0.0,0.0
51.000000000000185,0,0,0.837777777777778,0.500,0.0,0.0
51.20000000000019,0,0,0.837777777777778,0.500,0.0,0.0
51.40000000000019,0,0,0.837777777777778,0.500,0.0,0.0
51.60000000000019,0,0,0.837777777777778,0.500,0.0,0.0
51.800000000000196,0,0,0.837777777777778,0.500,0.0,0.0
52.0000000000002,0,0,0.837777777777778,0.500,0.0,0.0
52.2000000000002,0,0,0.837777777777778,0.500,0.0,0.0
52.400000000000205,0,0,0.837777777777778,0.500,0.0,0.0
52.60000000000021,0,0,0.837777777777778,0.500,0.0,0.0
52.80000000000021,0,0,0.837777777777778,0.500,0.0,0.0
53.00000000000021,0,0,0.837777777777778,0.500,0.0,0.0
53.200000000000216,0,0,0.837777777777778,0.500,0.0,0.0
53.40000000000022,0,0,0.837777777777778,0.500,0.0,0.0
53.60000000000022,0,0,0.837777777777778,0.500,0.0,0.0
53.800000000000225,0,0,0.837777777777778,0.500,0.0,0.0
54.00000000000023,0,0,0.837777777777778,0.500,0.0,0.0
54.20000000000023,0,0,0.837777777777778,0.500,0.0,0.0
54.40000000000023,0,0,0.837777777777778,0.500,0.0,0.0
54.600000000000236,0,0,0.837777777777778,0.500,0.0,0.0
54.80000000000024,0,0,0.837777777777778,0.500,0.0,0.0
55.00000000000024,0,0,0.837777777777778,0.500,0.0,0.0
55.200000000000244,0,0,0.837777777777778,0.500,0.0,0.0
55.40000000000025,0,0,0.837777777777778,0.500,0.0,0.0
55.60000000000025,0,0,0.837777777777778,0.500,0.0,0.0
55.80000000000025,0,0,0.837777777777778,0.500,0.0,0.0
56.000000000000256,0,0,0.837777777777778,0.500,0.0,0.0
56.20000000000026,0,0,0.837777777777778,0.500,0.0,0.0
56.40000000000026,0,0,0.837777777777778,0.500,0.0,0.0
56.600000000000264,0,0,0.837777777777778,0.500,0.0,0.0
56.80000000000027,0,0,0.837777777777778,0.500,0.0,0.0
57.00000000000027,0,0,0.837777777777778,0.500,0.0,0.0
57.20000000000027,0,0,0.837777777777778,0.500,0.0,0.0
57.400000000000276,0,0,0.837777777777778,0.500,0.0,0.0
57.60000000000028,0,0,0.837777777777778,0.500,0.0,0.0
57.80000000000028,0,0,0.837777777777778,0.500,0.0,0.0
58.000000000000284,0,0,0.837777777777778,0.500,0.0,0.0
58.20000000000029,0,0,0.837777777777778,0.500,0.0,0.0
58.40000000000029,0,0,0.837777777777778,0.500,0.0,0.0
58.60000000000029,0,0,0.837777777777778,0.500,0.0,0.0
58.800000000000296,0,0,0.837777777777778,0.500,0.0,0.0
59.0000000000003,0,0,0.837777777777778,0.500,0.0,0.0
59.2000000000003,0,0,0.837777777777778,0.500,0.0,0.0
59.400000000000304,0,0,0.837777777777778,0.500,0.0,0.0
59.60000000000031,0,0,0.837777777777778,0.500,0.0,0.0
59.80000000000031,0,0,0.837777777777778,0.500,0.0,0.0
60.00000000000031,0,0,0.837777777777778,0.500,0.0,0.0
60.200000000000315,0,0,0.837777777777778,0.500,0.0,0.0
60.40000000000032,0,0,0.837777777777778,0.500,0.0,0.0
60.60000000000032,0,0,0.837777777777778,0.500,0.0,0.0
60.800000000000324,0,0,0.837777777777778,0.500,0.0,0.0
61.00000000000033,0,0,0.837777777777778,0.500,0.0,0.0
61.20000000000033,0,0,0.837777777777778,0.500,0.0,0.0
61.40000000000033,0,0,0.837777777777778,0.500,0.0,0.0
61.600000000000335,0,0,0.837777777777778,0.500,0.0,0.0
61.80000000000034,0,0,0.837777777777778,0.500,0.0,0.0
62.00000000000034,0,0,0.837777777777778,0.500,0.0,0.0
62.200000000000344,0,0,0.837777777777778,0.500,0.0,0.0
62.40000000000035,0,0,0.837777777777778,0.500,0.0,0.0
62.60000000000035,0,0,0.837777777777778,0.500,0.0,0.0
62.80000000000035,0,0,0.837777777777778,0.500,0.0,0.0
63.000000000000355,0,0,0.837777777777778,0.500,0.0,0.0
63.20000000000036,0,0,0.837777777777778,0.500,0.0,0.0
63.40000000000036,0,0,0.837777777777778,0.500,0.0,0.0
63.600000000000364,0,0,0.837777777777778,0.500,0.0,0.0
63.80000000000037,0,0,0.837777777777778,0.500,0.0,0.0
64.00000000000037,0,0,0.837777777777778,0.500,0.0,0.0
64.20000000000037,0,0,0.837777777777778,0.500,0.0,0.0
64.40000000000038,0,0,0.837777777777778,0.500,0.0,0.0
64.60000000000038,0,0,0.837777777777778,0.500,0.0,0.0
64.80000000000038,0,0,0.837777777777778,0.500,0.0,0.0
65.00000000000038,0,0,0.837777777777778,0.500,0.0,0.0
65.20000000000039,0,0,0.837777777777778,0.500,0.0,0.0
65.40000000000039,0,0,0.837777777777778,0.500,0.0,0.0
65.60000000000039,0,0,0.837777777777778,0.500,0.0,0.0
65.8000000000004,0,0,0.837777777777778,0.500,0.0,0.0
66.0000000000004,0,0,0.837777777777778,0.500,0.0,0.0
66.2000000000004,0,0,0.837777777777778,0.500,0.0,0.0
66.4000000000004,0,0,0.837777777777778,0.500,0.0,0.0
66.6000000000004,0,0,0.837777777777778,0.500,0.0,0.0
66.80000000000041,0,0,0.837777777777778,0.500,0.0,0.0
67.00000000000041,0,0,0.837777777777778,0.500,0.0,0.0
67.20000000000041,0,0,0.837777777777778,0.500,0.0,0.0
67.40000000000042,0,0,0.837777777777778,0.500,0.0,0.0
67.60000000000042,0,0,0.837777777777778,0.500,0.0,0.0
67.80000000000042,0,0,0.837777777777778,0.500,0.0,0.0
68.00000000000043,0,0,0.837777777777778,0.500,0.0,0.0
68.20000000000043,0,0,0.837777777777778,0.500,0.0,0.0
68.40000000000043,0,0,0.837777777777778,0.500,0.0,0.0
68.60000000000043,0,0,0.837777777777778,0.500,0.0,0.0
68.80000000000044,0,0,0.837777777777778,0.500,0.0,0.0
69.00000000000044,0,0,0.837777777777778,0.500,0.0,0.0
69.20000000000044,0,0,0.837777777777778,0.500,0.0,0.0
69.40000000000045,0,0,0.837777777777778,0.500,0.0,0.0
69.60000000000045,0,0,0.837777777777778,0.500,0.0,0.0
69.80000000000045,0,0,0.837777777777778,0.500,0.0,0.0
70.00000000000045,0,0,0.837777777777778,0.500,0.0,0.0
70.20000000000046,0,0,0.837777777777778,0.500,0.0,0.0
70.40000000000046,0,0,0.837777777777778,0.500,0.0,0.0
70.60000000000046,0,0,0.837777777777778,0.500,0.0,0.0
70.80000000000047,0,0,0.837777777777778,0.500,0.0,0.0
71.00000000000047,0,0,0.837777777777778,0.500,0.0,0.0
71.20000000000047,0,0,0.837777777777778,0.500,0.0,0.0
71.40000000000047,0,0,0.837777777777778,0.500,0.0,0.0
71.60000000000048,0,0,0.837777777777778,0.500,0.0,0.0
71.80000000000048,0,0,0.837777777777778,0.500,0.0,0.0
72.00000000000048,0,0,0.837777777777778,0.500,0.0,0.0
72.20000000000049,0,0,0.837777777777778,0.500,0.0,0.0
72.40000000000049,0,0,0.837777777777778,0.500,0.0,0.0
72.60000000000049,0,0,0.837777777777778,0.500,0.0,0.0
72.8000000000005,0,0,0.837777777777778,0.500,0.0,0.0
73.0000000000005,0,0,0.837777777777778,0.500,0.0,0.0
73.2000000000005,0,0,0.837777777777778,0.500,0.0,0.0
73.4000000000005,0,0,0.837777777777778,0.500,0.0,0.0
73.6000000000005,0,0,0.837777777777778,0.500,0.0,0.0
73.80000000000051,0,0,0.837777777777778,0.500,0.0,0.0
74.00000000000051,0,0,0.837777777777778,0.500,0.0,0.0
74.20000000000051,0,0,0.837777777777778,0.500,0.0,0.0
74.40000000000052,0,0,0.837777777777778,0.500,0.0,0.0
74.60000000000052,0,0,0.837777777777778,0.500,0.0,0.0
74.80000000000052,0,0,0.837777777777778,0.500,0.0,0.0
75.00000000000053,0,0,0.837777777777778,0.500,0.0,0.0
75.20000000000053,0,0,0.837777777777778,0.500,0.0,0.0
75.40000000000053,0,0,0.837777777777778,0.500,0.0,0.0
75.60000000000053,0,0,0.837777777777778,0.500,0.0,0.0
75.80000000000054,0,0,0.837777777777778,0.500,0.0,0.0
76.00000000000054,0,0,0.837777777777778,0.500,0.0,0.0
76.20000000000054,0,0,0.837777777777778,0.500,0.0,0.0
76.40000000000055,0,0,0.837777777777778,0.500,0.0,0.0
76.60000000000055,0,0,0.837777777777778,0.500,0.0,0.0
76.80000000000055,0,0,0.837777777777778,0.500,0.0,0.0
77.00000000000055,0,0,0.837777777777778,0.500,0.0,0.0
77.20000000000056,0,0,0.837777777777778,0.500,0.0,0.0
77.40000000000056,0,0,0.837777777777778,0.500,0.0,0.0
77.60000000000056,0,0,0.837777777777778,0.500,0.0,0.0
77.80000000000057,0,0,0.837777777777778,0.500,0.0,0.0
78.00000000000057,0,0,0.837777777777778,0.500,0.0,0.0
78.20000000000057,0,0,0.837777777777778,0.500,0.0,0.0
78.40000000000057,0,0,0.837777777777778,0.500,0.0,0.0
78.60000000000058,0,0,0.837777777777778,0.500,0.0,0.0
78.80000000000058,0,0,0.837777777777778,0.500,0.0,0.0
79.00000000000058,0,0,0.837777777777778,0.500,0.0,0.0
79.20000000000059,0,0,0.837777777777778,0.500,0.0,0.0
79.40000000000059,0,0,0.837777777777778,0.500,0.0,0.0
79.60000000000059,0,0,0.837777777777778,0.500,0.0,0.0
79.8000000000006,0,0,0.837777777777778,0.500,0.0,0.0
80.0000000000006,0,0,0.837777777777778,0.500,0.0,0.0
80.2000000000006,0,0,0.837777777777778,0.500,0.0,0.0
80.4000000000006,0,0,0.837777777777778,0.500,0.0,0.0
80.6000000000006,0,0,0.837777777777778,0.500,0.0,0.0
80.80000000000061,0,0,0.837777777777778,0.500,0.0,0.0
81.00000000000061,0,0,0.837777777777778,0.500,0.0,0.0
81.20000000000061,0,0,0.837777777777778,0.500,0.0,0.0
81.40000000000062,0,0,0.837777777777778,0.500,0.0,0.0
81.60000000000062,0,0,0.837777777777778,0.500,0.0,0.0
81.80000000000062,0,0,0.837777777777778,0.500,0.0,0.0
82.00000000000063,0,0,0.837777777777778,0.500,0.0,0.0
82.20000000000063,0,0,0.837777777777778,0.500,0.0,0.0
82.40000000000063,0,0,0.837777777777778,0.500,0.0,0.0
82.60000000000063,0,0,0.837777777777778,0.500,0.0,0.0
82.80000000000064,0,0,0.837777777777778,0.500,0.0,0.0
83.00000000000064,0,0,0.837777777777778,0.500,0.0,0.0
83.20000000000064,0,0,0.837777777777778,0.500,0.0,0.0
83.40000000000065,0,0,0.837777777777778,0.500,0.0,0.0
83.60000000000065,0,0,0.837777777777778,0.500,0.0,0.0
83.80000000000065,0,0,0.837777777777778,0.500,0.0,0.0
84.00000000000065,0,0,0.837777777777778,0.500,0.0,0.0
84.20000000000066,0,0,0.837777777777778,0.500,0.0,0.0
84.40000000000066,0,0,0.837777777777778,0.500,0.0,0.0
84.60000000000066,0,0,0.837777777777778,0.500,0.0,0.0
84.80000000000067,0,0,0.837777777777778,0.500,0.0,0.0
85.00000000000067,0,0,0.837777777777778,0.500,0.0,0.0
85.20000000000067,0,0,0.837777777777778,0.500,0.0,0.0
85.40000000000067,0,0,0.837777777777778,0.500,0.0,0.0
85.60000000000068,0,0,0.837777777777778,0.500,0.0,0.0
85.80000000000068,0,0,0.837777777777778,0.500,0.0,0.0
86.00000000000068,0,0,0.837777777777778,0.500,0.0,0.0
86.20000000000068,0,0,0.837777777777778,0.500,0.0,0.0
86.40000000000069,0,0,0.837777777777778,0.500,0.0,0.0
86.60000000000069,0,0,0.837777777777778,0.500,0.0,0.0
86.8000000000007,0,0,0.837777777777778,0.500,0.0,0.0
87.0000000000007,0,0,0.837777777777778,0.500,0.0,0.0
87.2000000000007,0,0,0.837777777777778,0.500,0.0,0.0
87.4000000000007,0,0,0.837777777777778,0.500,0.0,0.0
87.6000000000007,0,0,0.837777777777778,0.500,0.0,0.0
87.80000000000071,0,0,0.837777777777778,0.500,0.0,0.0
88.00000000000071,0,0,0.837777777777778,0.500,0.0,0.0
88.20000000000071,0,0,0.837777777777778,0.500,0.0,0.0
88.40000000000072,0,0,0.837777777777778,0.500,0.0,0.0
88.60000000000072,0,0,0.837777777777778,0.500,0.0,0.0
88.80000000000072,0,0,0.837777777777778,0.500,0.0,0.0
89.00000000000072,0,0,0.837777777777778,0.500,0.0,0.0
89.20000000000073,0,0,0.837777777777778,0.500,0.0,0.0
89.40000000000073,0,0,0.837777777777778,0.500,0.0,0.0
89.60000000000073,0,0,0.837777777777778,0.500,0.0,0.0
89.80000000000074,0,0,0.837777777777778,0.500,0.0,0.0
90.00000000000074,0,0,0.837777777777778,0.500,0.0,0.0
90.20000000000074,0,0,0.837777777777778,0.500,0.0,0.0
90.40000000000074,0,0,0.837777777777778,0.500,0.0,0.0
90.60000000000075,0,0,0.837777777777778,0.500,0.0,0.0
90.80000000000075,0,0,0.837777777777778,0.500,0.0,0.0
91.00000000000075,0,0,0.837777777777778,0.500,0.0,0.0
91.20000000000076,0,0,0.837777777777778,0.500,0.0,0.0
91.40000000000076,0,0,0.837777777777778,0.500,0.0,0.0
91.60000000000076,0,0,0.837777777777778,0.500,0.0,0.0
91.80000000000076,0,0,0.837777777777778,0.500,0.0,0.0
92.00000000000077,0,0,0.837777777777778,0.500,0.0,0.0
92.20000000000077,0,0,0.837777777777778,0.500,0.0,0.0
92.40000000000077,0,0,0.837777777777778,0.500,0.0,0.0
92.60000000000078,0,0,0.837777777777778,0.500,0.0,0.0
92.80000000000078,0,0,0.837777777777778,0.500,0.0,0.0
93.00000000000078,0,0,0.837777777777778,0.500,0.0,0.0
93.20000000000078,0,0,0.837777777777778,0.500,0.0,0.0
93.40000000000079,0,0,0.837777777777778,0.500,0.0,0.0
93.60000000000079,0,0,0.837777777777778,0.500,0.0,0.0
93.8000000000008,0,0,0.837777777777778,0.500,0.0,0.0
94.0000000000008,0,0,0.837777777777778,0.500,0.0,0.0
94.2000000000008,0,0,0.837777777777778,0.500,0.0,0.0
94.4000000000008,0,0,0.837777777777778,0.500,0.0,0.0
94.6000000000008,0,0,0.837777777777778,0.500,0.0,0.0
94.80000000000081,0,0,0.837777777777778,0.500,0.0,0.0
95.00000000000081,0,0,0.837777777777778,0.500,0.0,0.0
95.20000000000081,0,0,0.837777777777778,0.500,0.0,0.0
95.40000000000082,0,0,0.837777777777778,0.500,0.0,0.0
95.60000000000082,0,0,0.837777777777778,0.500,0.0,0.0
95.80000000000082,0,0,0.837777777777778,0.500,0.0,0.0
96.00000000000082,0,0,0.837777777777778,0.500,0.0,0.0
96.20000000000083,0,0,0.837777777777778,0.500,0.0,0.0
96.40000000000083,0,0,0.837777777777778,0.500,0.0,0.0
96.60000000000083,0,0,0.837777777777778,0.500,0.0,0.0
96.80000000000084,0,0,0.837777777777778,0.500,0.0,0.0
97.00000000000084,0,0,0.837777777777778,0.500,0.0,0.0
97.20000000000084,0,0,0.837777777777778,0.500,0.0,0.0
97.40000000000084,0,0,0.837777777777778,0.500,0.0,0.0
97.60000000000085,0,0,0.837777777777778,0.500,0.0,0.0
97.80000000000085,0,0,0.837777777777778,0.500,0.0,0.0
98.00000000000085,0,0,0.837777777777778,0.500,0.0,0.0
98.20000000000086,0,0,0.837777777777778,0.500,0.0,0.0
98.40000000000086,0,0,0.837777777777778,0.500,0.0,0.0
98.60000000000086,0,0,0.837777777777778,0.500,0.0,0.0
98.80000000000086,0,0,0.837777777777778,0.500,0.0,0.0
99.00000000000087,0,0,0.837777777777778,0.500,0.0,0.0
99.20000000000087,0,0,0.837777777777778,0.500,0.0,0.0
99.40000000000087,0,0,0.837777777777778,0.500,0.0,0.0
99.60000000000088,0,0,0.837777777777778,0.500,0.0,0.0
99.80000000000088,0,0,0.837777777777778,0.500,0.0,0.0
100.00000000000088,0,0,0.837777777777778,0.500,0.0,0.0
100.20000000000088,0,0,0.837777777777778,0.500,0.0,0.0
100.40000000000089,0,0,0.837777777777778,0.500,0.0,0.0
100.60000000000089,0,0,0.837777777777778,0.500,0.0,0.0
100.80000000000089,0,0,0.837777777777778,0.500,0.0,0.0
101.0000000000009,0,0,0.837777777777778,0.500,0.0,0.0
101.2000000000009,0,0,0.837777777777778,0.500,0.0,0.0
101.4000000000009,0,0,0.837777777777778,0.500,0.0,0.0
101.6000000000009,0,0,0.837777777777778,0.500,0.0,0.0
101.8000000000009,0,0,0.837777777777778,0.500,0.0,0.0
102.00000000000091,0,0,0.837777777777778,0.500,0.0,0.0
102.20000000000091,0,0,0.837777777777778,0.500,0.0,0.0
102.40000000000092,0,0,0.837777777777778,0.500,0.0,0.0
102.60000000000092,0,0,0.837777777777778,0.500,0.0,0.0
102.80000000000092,0,0,0.837777777777778,0.500,0.0,0.0
103.00000000000092,0,0,0.837777777777778,0.500,0.0,0.0
103.20000000000093,0,0,0.837777777777778,0.500,0.0,0.0
103.40000000000093,0,0,0.837777777777778,0.500,0.0,0.0
103.60000000000093,0,0,0.837777777777778,0.500,0.0,0.0
103.80000000000094,0,0,0.837777777777778,0.500,0.0,0.0
104.00000000000094,0,0,0.837777777777778,0.500,0.0,0.0
104.20000000000094,0,0,0.837777777777778,0.500,0.0,0.0
104.40000000000094,0,0,0.837777777777778,0.500,0.0,0.0
104.60000000000095,0,0,0.837777777777778,0.500,0.0,0.0
104.80000000000095,0,0,0.837777777777778,0.500,0.0,0.0
105.00000000000095,0,0,0.837777777777778,0.500,0.0,0.0
105.20000000000095,0,0,0.837777777777778,0.500,0.0,0.0
105.40000000000096,0,0,0.837777777777778,0.500,0.0,0.0
105.60000000000096,0,0,0.837777777777778,0.500,0.0,0.0
105.80000000000096,0,0,0.837777777777778,0.500,0.0,0.0
106.00000000000097,0,0,0.837777777777778,0.500,0.0,0.0
106.20000000000097,0,0,0.837777777777778,0.500,0.0,0.0
106.40000000000097,0,0,0.837777777777778,0.500,0.0,0.0
106.60000000000097,0,0,0.837777777777778,0.500,0.0,0.0
106.80000000000098,0,0,0.837777777777778,0.500,0.0,0.0
107.00000000000098,0,0,0.837777777777778,0.500,0.0,0.0
107.20000000000098,0,0,0.837777777777778,0.500,0.0,0.0
107.40000000000099,0,0,0.837777777777778,0.500,0.0,0.0
107.60000000000099,0,0,0.837777777777778,0.500,0.0,0.0
107.80000000000099,0,0,0.837777777777778,0.500,0.0,0.0
108.000000000001,0,0,0.837777777777778,0.500,0.0,0.0
108.200000000001,0,0,0.837777777777778,0.500,0.0,0.0
108.400000000001,0,0,0.837777777777778,0.500,0.0,0.0
108.600000000001,0,0,0.837777777777778,0.500,0.0,0.0
108.800000000001,0,0,0.837777777777778,0.500,0.0,0.0
109.00000000000101,0,0,0.837777777777778,0.500,0.0,0.0
109.20000000000101,0,0,0.837777777777778,0.500,0.0,0.0
109.40000000000101,0,0,0.837777777777778,0.500,0.0,0.0
109.60000000000102,0,0,0.837777777777778,0.500,0.0,0.0
109.80000000000102,0,0,0.837777777777778,0.500,0.0,0.0
110.00000000000102,0,0,0.837777777777778,0.500,0.0,0.0
110.20000000000103,0,0,0.837777777777778,0.500,0.0,0.0
110.40000000000103,0,0,0.837777777777778,0.500,0.0,0.0
110.60000000000103,0,0,0.837777777777778,0.500,0.0,0.0
110.80000000000103,0,0,0.837777777777778,0.500,0.0,0.0
111.00000000000104,0,0,0.837777777777778,0.500,0.0,0.0
111.20000000000104,0,0,0.837777777777778,0.500,0.0,0.0
111.40000000000104,0,0,0.837777777777778,0.500,0.0,0.0
111.60000000000105,0,0,0.837777777777778,0.500,0.0,0.0
111.80000000000105,0,0,0.837777777777778,0.500,0.0,0.0
112.00000000000105,0,0,0.837777777777778,0.500,0.0,0.0
112.20000000000105,0,0,0.837777777777778,0.500,0.0,0.0
112.40000000000106,0,0,0.837777777777778,0.500,0.0,0.0
112.60000000000106,0,0,0.837777777777778,0.500,0.0,0.0
112.80000000000106,0,0,0.837777777777778,0.500,0.0,0.0
113.00000000000107,0,0,0.837777777777778,0.500,0.0,0.0
113.20000000000107,0,0,0.837777777777778,0.500,0.0,0.0
113.40000000000107,0,0,0.837777777777778,0.500,0.0,0.0
113.60000000000107,0,0,0.837777777777778,0.500,0.0,0.0
113.80000000000108,0,0,0.837777777777778,0.500,0.0,0.0
114.00000000000108,0,0,0.837777777777778,0.500,0.0,0.0
114.20000000000108,0,0,0.837777777777778,0.500,0.0,0.0
114.40000000000109,0,0,0.837777777777778,0.500,0.0,0.0
114.60000000000109,0,0,0.837777777777778,0.500,0.0,0.0
114.80000000000109,0,0,0.837777777777778,0.500,0.0,0.0
115.0000000000011,0,0,0.837777777777778,0.500,0.0,0.0
115.2000000000011,0,0,0.837777777777778,0.500,0.0,0.0
115.4000000000011,0,0,0.837777777777778,0.500,0.0,0.0
115.6000000000011,0,0,0.837777777777778,0.500,0.0,0.0
115.8000000000011,0,0,0.837777777777778,0.500,0.0,0.0
116.00000000000111,0,0,0.837777777777778,0.500,0.0,0.0
116.20000000000111,0,0,0.837777777777778,0.500,0.0,0.0
116.40000000000111,0,0,0.837777777777778,0.500,0.0,0.0
116.60000000000112,0,0,0.837777777777778,0.500,0.0,0.0
116.80000000000112,0,0,0.837777777777778,0.500,0.0,0.0
117.00000000000112,0,0,0.837777777777778,0.500,0.0,0.0
117.20000000000113,0,0,0.837777777777778,0.500,0.0,0.0
117.40000000000113,0,0,0.837777777777778,0.500,0.0,0.0
117.60000000000113,0,0,0.837777777777778,0.500,0.0,0.0
117.80000000000113,0,0,0.837777777777778,0.500,0.0,0.0
118.00000000000114,0,0,0.837777777777778,0.500,0.0,0.0
118.20000000000114,0,0,0.837777777777778,0.500,0.0,0.0
118.40000000000114,0,0,0.837777777777778,0.500,0.0,0.0
118.60000000000115,0,0,0.837777777777778,0.500,0.0,0.0
118.80000000000115,0,0,0.837777777777778,0.500,0.0,0.0
119.00000000000115,0,0,0.837777777777778,0.500,0.0,0.0
119.20000000000115,0,0,0.837777777777778,0.500,0.0,0.0
119.40000000000116,0,0,0.837777777777778,0.500,0.0,0.0
119.60000000000116,0,0,0.837777777777778,0.500,0.0,0.0
119.80000000000116,0,0,0.837777777777778,0.500,0.0,0.0
120.00000000000117,0,0,0.837777777777778,0.500,0.0,0.0
120.20000000000117,0,0,0.837777777777778,0.500,0.0,0.0
120.40000000000117,0,0,0.837777777777778,0.500,0.0,0.0
120.60000000000117,0,0,0.837777777777778,0.500,0.0,0.0
120.80000000000118,0,0,0.837777777777778,0.500,0.0,0.0
121.00000000000118,0,0,0.837777777777778,0.500,0.0,0.0
121.20000000000118,0,0,0.837777777777778,0.500,0.0,0.0
121.40000000000119,0,0,0.837777777777778,0.500,0.0,0.0
121.60000000000119,0,0,0.837777777777778,0.500,0.0,0.0
121.80000000000119,0,0,0.837777777777778,0.500,0.0,0.0
122.0000000000012,0,0,0.837777777777778,0.500,0.0,0.0
122.2000000000012,0,0,0.837777777777778,0.500,0.0,0.0
122.4000000000012,0,0,0.837777777777778,0.500,0.0,0.0
122.6000000000012,0,0,0.837777777777778,0.500,0.0,0.0
122.8000000000012,0,0,0.837777777777778,0.500,0.0,0.0
123.00000000000121,0,0,0.837777777777778,0.500,0.0,0.0
123.20000000000121,0,0,0.837777777777778,0.500,0.0,0.0
123.40000000000121,0,0,0.837777777777778,0.500,0.0,0.0
123.60000000000122,0,0,0.837777777777778,0.500,0.0,0.0
123.80000000000122,0,0,0.837777777777778,0.500,0.0,0.0
124.00000000000122,0,0,0.837777777777778,0.500,0.0,0.0
124.20000000000122,0,0,0.837777777777778,0.500,0.0,0.0
124.40000000000123,0,0,0.837777777777778,0.500,0.0,0.0
124.60000000000123,0,0,0.837777777777778,0.500,0.0,0.0
124.80000000000123,0,0,0.837777777777778,0.500,0.0,0.0
125.00000000000124,0,0,0.837777777777778,0.500,0.0,0.0
125.20000000000124,0,0,0.837777777777778,0.500,0.0,0.0
125.40000000000124,0,0,0.837777777777778,0.500,0.0,0.0
125.60000000000124,0,0,0.837777777777778,0.500,0.0,0.0
125.80000000000125,0,0,0.837777777777778,0.500,0.0,0.0
126.00000000000125,0,0,0.837777777777778,0.500,0.0,0.0
126.20000000000125,0,0,0.837777777777778,0.500,0.0,0.0
126.40000000000126,0,0,0.837777777777778,0.500,0.0,0.0
126.60000000000126,0,0,0.837777777777778,0.500,0.0,0.0
126.80000000000126,0,0,0.837777777777778,0.500,0.0,0.0
127.00000000000126,0,0,0.837777777777778,0.500,0.0,0.0
127.20000000000127,0,0,0.837777777777778,0.500,0.0,0.0
127.40000000000127,0,0,0.837777777777778,0.500,0.0,0.0
127.60000000000127,0,0,0.837777777777778,0.500,0.0,0.0
127.80000000000128,0,0,0.837777777777778,0.500,0.0,0.0
128.00000000000128,0,0,0.837777777777778,0.500,0.0,0.0
128.20000000000127,0,0,0.837777777777778,0.500,0.0,0.0
128.40000000000126,0,0,0.837777777777778,0.500,0.0,0.0
128.60000000000124,0,0,0.837777777777778,0.500,0.0,0.0
128.80000000000123,0,0,0.837777777777778,0.500,0.0,0.0
129.00000000000122,0,0,0.837777777777778,0.500,0.0,0.0
129.2000000000012,0,0,0.837777777777778,0.500,0.0,0.0
129.4000000000012,0,0,0.837777777777778,0.500,0.0,0.0
129.6000000000012,0,0,0.837777777777778,0.500,0.0,0.0
129.80000000000118,0,0,0.837777777777778,0.500,0.0,0.0
130.00000000000117,0,0,0.837777777777778,0.500,0.0,0.0
130.20000000000115,0,0,0.837777777777778,0.500,0.0,0.0
130.40000000000114,0,0,0.837777777777778,0.500,0.0,0.0
130.60000000000113,0,0,0.837777777777778,0.500,0.0,0.0
130.80000000000112,0,0,0.837777777777778,0.500,0.0,0.0
131.0000000000011,0,0,0.837777777777778,0.500,0.0,0.0
131.2000000000011,0,0,0.837777777777778,0.500,0.0,0.0
131.40000000000109,0,0,0.837777777777778,0.500,0.0,0.0
131.60000000000107,0,0,0.837777777777778,0.500,0.0,0.0
131.80000000000106,0,0,0.837777777777778,0.500,0.0,0.0
132.00000000000105,0,0,0.837777777777778,0.500,0.0,0.0
132.20000000000104,0,0,0.837777777777778,0.500,0.0,0.0
132.40000000000103,0,0,0.837777777777778,0.500,0.0,0.0
132.60000000000102,0,0,0.837777777777778,0.500,0.0,0.0
132.800000000001,0,0,0.837777777777778,0.500,0.0,0.0
133.000000000001,0,0,0.837777777777778,0.500,0.0,0.0
133.20000000000098,0,0,0.837777777777778,0.500,0.0,0.0
133.40000000000097,0,0,0.837777777777778,0.500,0.0,0.0
133.60000000000096,0,0,0.837777777777778,0.500,0.0,0.0
133.80000000000095,0,0,0.837777777777778,0.500,0.0,0.0
134.00000000000094,0,0,0.837777777777778,0.500,0.0,0.0
134.20000000000093,0,0,0.837777777777778,0.500,0.0,0.0
134.40000000000092,0,0,0.837777777777778,0.500,0.0,0.0
134.6000000000009,0,0,0.837777777777778,0.500,0.0,0.0
134.8000000000009,0,0,0.837777777777778,0.500,0.0,0.0
135.00000000000088,0,0,0.837777777777778,0.500,0.0,0.0
135.20000000000087,0,0,0.837777777777778,0.500,0.0,0.0
135.40000000000086,0,0,0.837777777777778,0.500,0.0,0.0
135.60000000000085,0,0,0.837777777777778,0.500,0.0,0.0
135.80000000000084,0,0,0.837777777777778,0.500,0.0,0.0
136.00000000000082,0,0,0.837777777777778,0.500,0.0,0.0
136.2000000000008,0,0,0.837777777777778,0.500,0.0,0.0
136.4000000000008,0,0,0.837777777777778,0.500,0.0,0.0
136.6000000000008,0,0,0.837777777777778,0.500,0.0,0.0
136.80000000000078,0,0,0.837777777777778,0.500,0.0,0.0
137.00000000000077,0,0,0.837777777777778,0.500,0.0,0.0
137.20000000000076,0,0,0.837777777777778,0.500,0.0,0.0
137.40000000000074,0,0,0.837777777777778,0.500,0.0,0.0
137.60000000000073,0,0,0.837777777777778,0.500,0.0,0.0
137.80000000000072,0,0,0.837777777777778,0.500,0.0,0.0
138.0000000000007,0,0,0.837777777777778,0.500,0.0,0.0
138.2000000000007,0,0,0.837777777777778,0.500,0.0,0.0
138.4000000000007,0,0,0.837777777777778,0.500,0.0,0.0
138.60000000000068,0,0,0.837777777777778,0.500,0.0,0.0
138.80000000000067,0,0,0.837777777777778,0.500,0.0,0.0
139.00000000000065,0,0,0.837777777777778,0.500,0.0,0.0
139.20000000000064,0,0,0.837777777777778,0.500,0.0,0.0
139.40000000000063,0,0,0.837777777777778,0.500,0.0,0.0
139.60000000000062,0,0,0.837777777777778,0.500,0.0,0.0
139.8000000000006,0,0,0.837777777777778,0.500,0.0,0.0
140.0000000000006,0,0,0.837777777777778,0.500,0.0,0.0
140.20000000000059,0,0,0.837777777777778,0.500,0.0,0.0
140.40000000000057,0,0,0.837777777777778,0.500,0.0,0.0
140.60000000000056,0,0,0.837777777777778,0.500,0.0,0.0
140.80000000000055,0,0,0.837777777777778,0.500,0.0,0.0
141.00000000000054,0,0,0.837777777777778,0.500,0.0,0.0
141.20000000000053,0,0,0.837777777777778,0.500,0.0,0.0
141.40000000000052,0,0,0.837777777777778,0.500,0.0,0.0
141.6000000000005,0,0,0.837777777777778,0.500,0.0,0.0
141.8000000000005,0,0,0.837777777777778,0.500,0.0,0.0
142.00000000000048,0,0,0.837777777777778,0.500,0.0,0.0
142.20000000000047,0,0,0.837777777777778,0.500,0.0,0.0
142.40000000000046,0,0,0.837777777777778,0.500,0.0,0.0
142.60000000000045,0,0,0.837777777777778,0.500,0.0,0.0
142.80000000000044,0,0,0.837777777777778,0.500,0.0,0.0
143.00000000000043,0,0,0.837777777777778,0.500,0.0,0.0
143.20000000000041,0,0,0.837777777777778,0.500,0.0,0.0
143.4000000000004,0,0,0.837777777777778,0.500,0.0,0.0
143.6000000000004,0,0,0.837777777777778,0.500,0.0,0.0
143.80000000000038,0,0,0.837777777777778,0.500,0.0,0.0
144.00000000000037,0,0,0.837777777777778,0.500,0.0,0.0
144.20000000000036,0,0,0.837777777777778,0.500,0.0,0.0
144.40000000000035,0,0,0.837777777777778,0.500,0.0,0.0
144.60000000000034,0,0,0.837777777777778,0.500,0.0,0.0
144.80000000000032,0,0,0.837777777777778,0.500,0.0,0.0
145.0000000000003,0,0,0.837777777777778,0.500,0.0,0.0
145.2000000000003,0,0,0.837777777777778,0.500,0.0,0.0
145.4000000000003,0,0,0.837777777777778,0.500,0.0,0.0
145.60000000000028,0,0,0.837777777777778,0.500,0.0,0.0
145.80000000000027,0,0,0.837777777777778,0.500,0.0,0.0
146.00000000000026,0,0,0.837777777777778,0.500,0.0,0.0
146.20000000000024,0,0,0.837777777777778,0.500,0.0,0.0
146.40000000000023,0,0,0.837777777777778,0.500,0.0,0.0
146.60000000000022,0,0,0.837777777777778,0.500,0.0,0.0
146.8000000000002,0,0,0.837777777777778,0.500,0.0,0.0
147.0000000000002,0,0,0.837777777777778,0.500,0.0,0.0
147.2000000000002,0,0,0.837777777777778,0.500,0.0,0.0
147.40000000000018,0,0,0.837777777777778,0.500,0.0,0.0
147.60000000000016,0,0,0.837777777777778,0.500,0.0,0.0
147.80000000000015,0,0,0.837777777777778,0.500,0.0,0.0
148.00000000000014,0,0,0.837777777777778,0.500,0.0,0.0
148.20000000000013,0,0,0.837777777777778,0.500,0.0,0.0
148.40000000000012,0,0,0.837777777777778,0.500,0.0,0.0
148.6000000000001,0,0,0.837777777777778,0.500,0.0,0.0
148.8000000000001,0,0,0.837777777777778,0.500,0.0,0.0
149.00000000000009,0,0,0.837777777777778,0.500,0.0,0.0
149.20000000000007,0,0,0.837777777777778,0.500,0.0,0.0
149.40000000000006,0,0,0.837777777777778,0.500,0.0,0.0
149.60000000000005,0,0,0.837777777777778,0.500,0.0,0.0
149.80000000000004,0,0,0.837777777777778,0.500,0.0,0.0
150.00000000000003,0,0,0.837777777777778,0.500,0.0,0.0
150.20000000000002,0,0,0.837777777777778,0.500,0.0,0.0
150.4,0,0,0.837777777777778,0.500,0.0,0.0
150.6,0,0,0.837777777777778,0.500,0.0,0.0
150.79999999999998,0,0,0.837777777777778,0.500,0.0,0.0
150.99999999999997,0,0,0.837777777777778,0.500,0.0,0.0
151.19999999999996,0,0,0.837777777777778,0.500,0.0,0.0
151.39999999999995,0,0,0.837777777777778,0.500,0.0,0.0
151.59999999999994,0,0,0.837777777777778,0.500,0.0,0.0
151.79999999999993,0,0,0.837777777777778,0.500,0.0,0.0
151.99999999999991,0,0,0.837777777777778,0.500,0.0,0.0
152.1999999999999,0,0,0.837777777777778,0.500,0.0,0.0
152.3999999999999,0,0,0.837777777777778,0.500,0.0,0.0
152.59999999999988,0,0,0.837777777777778,0.500,0.0,0.0
152.79999999999987,0,0,0.837777777777778,0.500,0.0,0.0
152.99999999999986,0,0,0.837777777777778,0.500,0.0,0.0
153.19999999999985,0,0,0.837777777777778,0.500,0.0,0.0
153.39999999999984,0,0,0.837777777777778,0.500,0.0,0.0
153.59999999999982,0,0,0.837777777777778,0.500,0.0,0.0
153.7999999999998,0,0,0.837777777777778,0.500,0.0,0.0
153.9999999999998,0,0,0.837777777777778,0.500,0.0,0.0
154.1999999999998,0,0,0.837777777777778,0.500,0.0,0.0
154.39999999999978,0,0,0.837777777777778,0.500,0.0,0.0
154.59999999999977,0,0,0.837777777777778,0.500,0.0,0.0
154.79999999999976,0,0,0.837777777777778,0.500,0.0,0.0
154.99999999999974,0,0,0.837777777777778,0.500,0.0,0.0
155.19999999999973,0,0,0.837777777777778,0.500,0.0,0.0
155.39999999999972,0,0,0.837777777777778,0.500,0.0,0.0
155.5999999999997,0,0,0.837777777777778,0.500,0.0,0.0
155.7999999999997,0,0,0.837777777777778,0.500,0.0,0.0
155.9999999999997,0,0,0.837777777777778,0.500,0.0,0.0
156.19999999999968,0,0,0.837777777777778,0.500,0.0,0.0
156.39999999999966,0,0,0.837777777777778,0.500,0.0,0.0
156.59999999999965,0,0,0.837777777777778,0.500,0.0,0.0
156.79999999999964,0,0,0.837777777777778,0.500,0.0,0.0
156.99999999999963,0,0,0.837777777777778,0.500,0.0,0.0
157.19999999999962,0,0,0.837777777777778,0.500,0.0,0.0
157.3999999999996,0,0,0.837777777777778,0.500,0.0,0.0
157.5999999999996,0,0,0.837777777777778,0.500,0.0,0.0
157.79999999999959,0,0,0.837777777777778,0.500,0.0,0.0
157.99999999999957,0,0,0.837777777777778,0.500,0.0,0.0
158.19999999999956,0,0,0.837777777777778,0.500,0.0,0.0
158.39999999999955,0,0,0.837777777777778,0.500,0.0,0.0
158.59999999999954,0,0,0.837777777777778,0.500,0.0,0.0
158.79999999999953,0,0,0.837777777777778,0.500,0.0,0.0
158.99999999999952,0,0,0.837777777777778,0.500,0.0,0.0
159.1999999999995,0,0,0.837777777777778,0.500,0.0,0.0
159.3999999999995,0,0,0.837777777777778,0.500,0.0,0.0
159.59999999999948,0,0,0.837777777777778,0.500,0.0,0.0
159.79999999999947,0,0,0.837777777777778,0.500,0.0,0.0
159.99999999999946,0,0,0.837777777777778,0.500,0.0,0.0
160.19999999999945,0,0,0.837777777777778,0.500,0.0,0.0
160.39999999999944,0,0,0.837777777777778,0.500,0.0,0.0
160.59999999999943,0,0,0.837777777777778,0.500,0.0,0.0
160.79999999999941,0,0,0.837777777777778,0.500,0.0,0.0
160.9999999999994,0,0,0.837777777777778,0.500,0.0,0.0
161.1999999999994,0,0,0.837777777777778,0.500,0.0,0.0
161.39999999999938,0,0,0.837777777777778,0.500,0.0,0.0
161.59999999999937,0,0,0.837777777777778,0.500,0.0,0.0
161.79999999999936,0,0,0.837777777777778,0.500,0.0,0.0
161.99999999999935,0,0,0.837777777777778,0.500,0.0,0.0
162.19999999999933,0,0,0.837777777777778,0.500,0.0,0.0
162.39999999999932,0,0,0.837777777777778,0.500,0.0,0.0
162.5999999999993,0,0,0.837777777777778,0.500,0.0,0.0
162.7999999999993,0,0,0.837777777777778,0.500,0.0,0.0
162.9999999999993,0,0,0.837777777777778,0.500,0.0,0.0
163.19999999999928,0,0,0.837777777777778,0.500,0.0,0.0
163.39999999999927,0,0,0.837777777777778,0.500,0.0,0.0
163.59999999999926,0,0,0.837777777777778,0.500,0.0,0.0
163.79999999999924,0,0,0.837777777777778,0.500,0.0,0.0
163.99999999999923,0,0,0.837777777777778,0.500,0.0,0.0
164.19999999999922,0,0,0.837777777777778,0.500,0.0,0.0
164.3999999999992,0,0,0.837777777777778,0.500,0.0,0.0
164.5999999999992,0,0,0.837777777777778,0.500,0.0,0.0
164.7999999999992,0,0,0.837777777777778,0.500,0.0,0.0
164.99999999999918,0,0,0.837777777777778,0.500,0.0,0.0
165.19999999999916,0,0,0.837777777777778,0.500,0.0,0.0
165.39999999999915,0,0,0.837777777777778,0.500,0.0,0.0
165.59999999999914,0,0,0.837777777777778,0.500,0.0,0.0
165.79999999999913,0,0,0.837777777777778,0.500,0.0,0.0
165.99999999999912,0,0,0.837777777777778,0.500,0.0,0.0
166.1999999999991,0,0,0.837777777777778,0.500,0.0,0.0
166.3999999999991,0,0,0.837777777777778,0.500,0.0,0.0
166.59999999999908,0,0,0.837777777777778,0.500,0.0,0.0
166.79999999999907,0,0,0.837777777777778,0.500,0.0,0.0
166.99999999999906,0,0,0.837777777777778,0.500,0.0,0.0
167.19999999999905,0,0,0.837777777777778,0.500,0.0,0.0
167.39999999999904,0,0,0.837777777777778,0.500,0.0,0.0
167.59999999999903,0,0,0.837777777777778,0.500,0.0,0.0
167.79999999999902,0,0,0.837777777777778,0.500,0.0,0.0
167.999999999999,0,0,0.837777777777778,0.500,0.0,0.0
168.199999999999,0,0,0.837777777777778,0.500,0.0,0.0
168.39999999999898,0,0,0.837777777777778,0.500,0.0,0.0
168.59999999999897,0,0,0.837777777777778,0.500,0.0,0.0
168.79999999999896,0,0,0.837777777777778,0.500,0.0,0.0
168.99999999999895,0,0,0.837777777777778,0.500,0.0,0.0
169.19999999999894,0,0,0.837777777777778,0.500,0.0,0.0
169.39999999999893,0,0,0.837777777777778,0.500,0.0,0.0
169.59999999999891,0,0,0.837777777777778,0.500,0.0,0.0
169.7999999999989,0,0,0.837777777777778,0.500,0.0,0.0
169.9999999999989,0,0,0.837777777777778,0.500,0.0,0.0
170.19999999999888,0,0,0.837777777777778,0.500,0.0,0.0
170.39999999999887,0,0,0.837777777777778,0.500,0.0,0.0
170.59999999999886,0,0,0.837777777777778,0.500,0.0,0.0
170.79999999999885,0,0,0.837777777777778,0.500,0.0,0.0
170.99999999999883,0,0,0.837777777777778,0.500,0.0,0.0
171.19999999999882,0,0,0.837777777777778,0.500,0.0,0.0
171.3999999999988,0,0,0.837777777777778,0.500,0.0,0.0
171.5999999999988,0,0,0.837777777777778,0.500,0.0,0.0
171.7999999999988,0,0,0.837777777777778,0.500,0.0,0.0
171.99999999999878,0,0,0.837777777777778,0.500,0.0,0.0
172.19999999999877,0,0,0.837777777777778,0.500,0.0,0.0
172.39999999999876,0,0,0.837777777777778,0.500,0.0,0.0
172.59999999999874,0,0,0.837777777777778,0.500,0.0,0.0
172.79999999999873,0,0,0.837777777777778,0.500,0.0,0.0
172.99999999999872,0,0,0.837777777777778,0.500,0.0,0.0
173.1999999999987,0,0,0.837777777777778,0.500,0.0,0.0
173.3999999999987,0,0,0.837777777777778,0.500,0.0,0.0
173.5999999999987,0,0,0.837777777777778,0.500,0.0,0.0
173.79999999999868,0,0,0.837777777777778,0.500,0.0,0.0
173.99999999999866,0,0,0.837777777777778,0.500,0.0,0.0
174.19999999999865,0,0,0.837777777777778,0.500,0.0,0.0
174.39999999999864,0,0,0.837777777777778,0.500,0.0,0.0
174.59999999999863,0,0,0.837777777777778,0.500,0.0,0.0
174.79999999999862,0,0,0.837777777777778,0.500,0.0,0.0
174.9999999999986,0,0,0.837777777777778,0.500,0.0,0.0
175.1999999999986,0,0,0.837777777777778,0.500,0.0,0.0
175.39999999999858,0,0,0.837777777777778,0.500,0.0,0.0
175.59999999999857,0,0,0.837777777777778,0.500,0.0,0.0
175.79999999999856,0,0,0.837777777777778,0.500,0.0,0.0
175.99999999999855,0,0,0.837777777777778,0.500,0.0,0.0
176.19999999999854,0,0,0.837777777777778,0.500,0.0,0.0
176.39999999999853,0,0,0.837777777777778,0.500,0.0,0.0
176.59999999999852,0,0,0.837777777777778,0.500,0.0,0.0
176.7999999999985,0,0,0.837777777777778,0.500,0.0,0.0
176.9999999999985,0,0,0.837777777777778,0.500,0.0,0.0
177.19999999999848,0,0,0.837777777777778,0.500,0.0,0.0
177.39999999999847,0,0,0.837777777777778,0.500,0.0,0.0
177.59999999999846,0,0,0.837777777777778,0.500,0.0,0.0
177.79999999999845,0,0,0.837777777777778,0.500,0.0,0.0
177.99999999999844,0,0,0.837777777777778,0.500,0.0,0.0
178.19999999999843,0,0,0.837777777777778,0.500,0.0,0.0
178.3999999999984,0,0,0.837777777777778,0.500,0.0,0.0
178.5999999999984,0,0,0.837777777777778,0.500,0.0,0.0
178.7999999999984,0,0,0.837777777777778,0.500,0.0,0.0
178.99999999999838,0,0,0.837777777777778,0.500,0.0,0.0
179.19999999999837,0,0,0.837777777777778,0.500,0.0,0.0
179.39999999999836,0,0,0.837777777777778,0.500,0.0,0.0
179.59999999999835,0,0,0.837777777777778,0.500,0.0,0.0
179.79999999999833,0,0,0.837777777777778,0.500,0.0,0.0
179.99999999999832,0,0,0.837777777777778,0.500,0.0,0.0
180.1999999999983,0,0,0.837777777777778,0.500,0.0,0.0
180.3999999999983,0,0,0.837777777777778,0.500,0.0,0.0
180.5999999999983,0,0,0.837777777777778,0.500,0.0,0.0
180.79999999999828,0,0,0.837777777777778,0.500,0.0,0.0
180.99999999999827,0,0,0.837777777777778,0.500,0.0,0.0
181.19999999999825,0,0,0.837777777777778,0.500,0.0,0.0
181.39999999999824,0,0,0.837777777777778,0.500,0.0,0.0
181.59999999999823,0,0,0.837777777777778,0.500,0.0,0.0
181.79999999999822,0,0,0.837777777777778,0.500,0.0,0.0
181.9999999999982,0,0,0.837777777777778,0.500,0.0,0.0
182.1999999999982,0,0,0.837777777777778,0.500,0.0,0.0
182.3999999999982,0,0,0.837777777777778,0.500,0.0,0.0
182.59999999999818,0,0,0.837777777777778,0.500,0.0,0.0
182.79999999999816,0,0,0.837777777777778,0.500,0.0,0.0
182.99999999999815,0,0,0.837777777777778,0.500,0.0,0.0
183.19999999999814,0,0,0.837777777777778,0.500,0.0,0.0
183.39999999999813,0,0,0.837777777777778,0.500,0.0,0.0
183.59999999999812,0,0,0.837777777777778,0.500,0.0,0.0
183.7999999999981,0,0,0.837777777777778,0.500,0.0,0.0
183.9999999999981,0,0,0.837777777777778,0.500,0.0,0.0
184.19999999999808,0,0,0.837777777777778,0.500,0.0,0.0
184.39999999999807,0,0,0.837777777777778,0.500,0.0,0.0
184.59999999999806,0,0,0.837777777777778,0.500,0.0,0.0
184.79999999999805,0,0,0.837777777777778,0.500,0.0,0.0
184.99999999999804,0,0,0.837777777777778,0.500,0.0,0.0
185.19999999999803,0,0,0.837777777777778,0.500,0.0,0.0
185.39999999999802,0,0,0.837777777777778,0.500,0.0,0.0
185.599999999998,0,0,0.837777777777778,0.500,0.0,0.0
185.799999999998,0,0,0.837777777777778,0.500,0.0,0.0
185.99999999999798,0,0,0.837777777777778,0.500,0.0,0.0
186.19999999999797,0,0,0.837777777777778,0.500,0.0,0.0
186.39999999999796,0,0,0.837777777777778,0.500,0.0,0.0
186.59999999999795,0,0,0.837777777777778,0.500,0.0,0.0
186.79999999999794,0,0,0.837777777777778,0.500,0.0,0.0
186.99999999999793,0,0,0.837777777777778,0.500,0.0,0.0
187.1999999999979,0,0,0.837777777777778,0.500,0.0,0.0
187.3999999999979,0,0,0.837777777777778,0.500,0.0,0.0
187.5999999999979,0,0,0.837777777777778,0.500,0.0,0.0
187.79999999999788,0,0,0.837777777777778,0.500,0.0,0.0
187.99999999999787,0,0,0.837777777777778,0.500,0.0,0.0
188.19999999999786,0,0,0.837777777777778,0.500,0.0,0.0
188.39999999999785,0,0,0.837777777777778,0.500,0.0,0.0
188.59999999999783,0,0,0.837777777777778,0.500,0.0,0.0
188.79999999999782,0,0,0.837777777777778,0.500,0.0,0.0
188.9999999999978,0,0,0.837777777777778,0.500,0.0,0.0
189.1999999999978,0,0,0.837777777777778,0.500,0.0,0.0
189.3999999999978,0,0,0.837777777777778,0.500,0.0,0.0
189.59999999999778,0,0,0.837777777777778,0.500,0.0,0.0
189.79999999999777,0,0,0.837777777777778,0.500,0.0,0.0
189.99999999999775,0,0,0.837777777777778,0.500,0.0,0.0
190.19999999999774,0,0,0.837777777777778,0.500,0.0,0.0
190.39999999999773,0,0,0.837777777777778,0.500,0.0,0.0
190.59999999999772,0,0,0.837777777777778,0.500,0.0,0.0
190.7999999999977,0,0,0.837777777777778,0.500,0.0,0.0
190.9999999999977,0,0,0.837777777777778,0.500,0.0,0.0
191.1999999999977,0,0,0.837777777777778,0.500,0.0,0.0
191.39999999999768,0,0,0.837777777777778,0.500,0.0,0.0
191.59999999999766,0,0,0.837777777777778,0.500,0.0,0.0
191.79999999999765,0,0,0.837777777777778,0.500,0.0,0.0
191.99999999999764,0,0,0.837777777777778,0.500,0.0,0.0
192.19999999999763,0,0,0.837777777777778,0.500,0.0,0.0
192.39999999999762,0,0,0.837777777777778,0.500,0.0,0.0
192.5999999999976,0,0,0.837777777777778,0.500,0.0,0.0
192.7999999999976,0,0,0.837777777777778,0.500,0.0,0.0
192.99999999999758,0,0,0.837777777777778,0.500,0.0,0.0
193.19999999999757,0,0,0.837777777777778,0.500,0.0,0.0
193.39999999999756,0,0,0.837777777777778,0.500,0.0,0.0
193.59999999999755,0,0,0.837777777777778,0.500,0.0,0.0
193.79999999999754,0,0,0.837777777777778,0.500,0.0,0.0
193.99999999999753,0,0,0.837777777777778,0.500,0.0,0.0
194.19999999999752,0,0,0.837777777777778,0.500,0.0,0.0
194.3999999999975,0,0,0.837777777777778,0.500,0.0,0.0
194.5999999999975,0,0,0.837777777777778,0.500,0.0,0.0
194.79999999999748,0,0,0.837777777777778,0.500,0.0,0.0
194.99999999999747,0,0,0.837777777777778,0.500,0.0,0.0
195.19999999999746,0,0,0.837777777777778,0.500,0.0,0.0
195.39999999999745,0,0,0.837777777777778,0.500,0.0,0.0
195.59999999999744,0,0,0.837777777777778,0.500,0.0,0.0
195.79999999999742,0,0,0.837777777777778,0.500,0.0,0.0
195.9999999999974,0,0,0.837777777777778,0.500,0.0,0.0
196.1999999999974,0,0,0.837777777777778,0.500,0.0,0.0
196.3999999999974,0,0,0.837777777777778,0.500,0.0,0.0
196.59999999999738,0,0,0.837777777777778,0.500,0.0,0.0
196.79999999999737,0,0,0.837777777777778,0.500,0.0,0.0
196.99999999999736,0,0,0.837777777777778,0.500,0.0,0.0
197.19999999999735,0,0,0.837777777777778,0.500,0.0,0.0
197.39999999999733,0,0,0.837777777777778,0.500,0.0,0.0
197.59999999999732,0,0,0.837777777777778,0.500,0.0,0.0
197.7999999999973,0,0,0.837777777777778,0.500,0.0,0.0
197.9999999999973,0,0,0.837777777777778,0.500,0.0,0.0
198.1999999999973,0,0,0.837777777777778,0.500,0.0,0.0
198.39999999999728,0,0,0.837777777777778,0.500,0.0,0.0
198.59999999999727,0,0,0.837777777777778,0.500,0.0,0.0
198.79999999999725,0,0,0.837777777777778,0.500,0.0,0.0
198.99999999999724,0,0,0.837777777777778,0.500,0.0,0.0
199.19999999999723,0,0,0.837777777777778,0.500,0.0,0.0
199.39999999999722,0,0,0.837777777777778,0.500,0.0,0.0
199.5999999999972,0,0,0.837777777777778,0.500,0.0,0.0
199.7999999999972,0,0,0.837777777777778,0.500,0.0,0.0
199.9999999999972,0,0,0.837777777777778,0.500,0.0,0.0
200.19999999999717,0,0,0.837777777777778,0.500,0.0,0.0
200.39999999999716,0,0,0.837777777777778,0.500,0.0,0.0
200.59999999999715,0,0,0.837777777777778,0.500,0.0,0.0
200.79999999999714,0,0,0.837777777777778,0.500,0.0,0.0
200.99999999999713,0,0,0.837777777777778,0.500,0.0,0.0
201.19999999999712,0,0,0.837777777777778,0.500,0.0,0.0
201.3999999999971,0,0,0.837777777777778,0.500,0.0,0.0
201.5999999999971,0,0,0.837777777777778,0.500,0.0,0.0
201.79999999999708,0,0,0.837777777777778,0.500,0.0,0.0
201.99999999999707,0,0,0.837777777777778,0.500,0.0,0.0
202.19999999999706,0,0,0.837777777777778,0.500,0.0,0.0
202.39999999999705,0,0,0.837777777777778,0.500,0.0,0.0
202.59999999999704,0,0,0.837777777777778,0.500,0.0,0.0
202.79999999999703,0,0,0.837777777777778,0.500,0.0,0.0
202.99999999999702,0,0,0.837777777777778,0.500,0.0,0.0
203.199999999997,0,0,0.837777777777778,0.500,0.0,0.0
203.399999999997,0,0,0.837777777777778,0.500,0.0,0.0
203.59999999999698,0,0,0.837777777777778,0.500,0.0,0.0
203.79999999999697,0,0,0.837777777777778,0.500,0.0,0.0
203.99999999999696,0,0,0.837777777777778,0.500,0.0,0.0
204.19999999999695,0,0,0.837777777777778,0.500,0.0,0.0
204.39999999999694,0,0,0.837777777777778,0.500,0.0,0.0
204.59999999999692,0,0,0.837777777777778,0.500,0.0,0.0
204.7999999999969,0,0,0.837777777777778,0.500,0.0,0.0
204.9999999999969,0,0,0.837777777777778,0.500,0.0,0.0
205.1999999999969,0,0,0.837777777777778,0.500,0.0,0.0
205.39999999999688,0,0,0.837777777777778,0.500,0.0,0.0
205.59999999999687,0,0,0.837777777777778,0.500,0.0,0.0
205.79999999999686,0,0,0.837777777777778,0.500,0.0,0.0
205.99999999999685,0,0,0.837777777777778,0.500,0.0,0.0
206.19999999999683,0,0,0.837777777777778,0.500,0.0,0.0
206.39999999999682,0,0,0.837777777777778,0.500,0.0,0.0
206.5999999999968,0,0,0.837777777777778,0.500,0.0,0.0
206.7999999999968,0,0,0.837777777777778,0.500,0.0,0.0
206.9999999999968,0,0,0.837777777777778,0.500,0.0,0.0
207.19999999999678,0,0,0.837777777777778,0.500,0.0,0.0
207.39999999999677,0,0,0.837777777777778,0.500,0.0,0.0
207.59999999999675,0,0,0.837777777777778,0.500,0.0,0.0
207.79999999999674,0,0,0.837777777777778,0.500,0.0,0.0
207.99999999999673,0,0,0.837777777777778,0.500,0.0,0.0
208.19999999999672,0,0,0.837777777777778,0.500,0.0,0.0
208.3999999999967,0,0,0.837777777777778,0.500,0.0,0.0
208.5999999999967,0,0,0.837777777777778,0.500,0.0,0.0
208.7999999999967,0,0,0.837777777777778,0.500,0.0,0.0
208.99999999999667,0,0,0.837777777777778,0.500,0.0,0.0
209.19999999999666,0,0,0.837777777777778,0.500,0.0,0.0
209.39999999999665,0,0,0.837777777777778,0.500,0.0,0.0
209.59999999999664,0,0,0.837777777777778,0.500,0.0,0.0
209.79999999999663,0,0,0.837777777777778,0.500,0.0,0.0
209.99999999999662,0,0,0.837777777777778,0.500,0.0,0.0
210.1999999999966,0,0,0.837777777777778,0.500,0.0,0.0
210.3999999999966,0,0,0.837777777777778,0.500,0.0,0.0
210.59999999999658,0,0,0.837777777777778,0.500,0.0,0.0
210.79999999999657,0,0,0.837777777777778,0.500,0.0,0.0
210.99999999999656,0,0,0.837777777777778,0.500,0.0,0.0
211.19999999999655,0,0,0.837777777777778,0.500,0.0,0.0
211.39999999999654,0,0,0.837777777777778,0.500,0.0,0.0
211.59999999999653,0,0,0.837777777777778,0.500,0.0,0.0
211.79999999999652,0,0,0.837777777777778,0.500,0.0,0.0
211.9999999999965,0,0,0.837777777777778,0.500,0.0,0.0
212.1999999999965,0,0,0.837777777777778,0.500,0.0,0.0
212.39999999999648,0,0,0.837777777777778,0.500,0.0,0.0
212.59999999999647,0,0,0.837777777777778,0.500,0.0,0.0
212.79999999999646,0,0,0.837777777777778,0.500,0.0,0.0
212.99999999999645,0,0,0.837777777777778,0.500,0.0,0.0
213.19999999999644,0,0,0.837777777777778,0.500,0.0,0.0
213.39999999999642,0,0,0.837777777777778,0.500,0.0,0.0
213.5999999999964,0,0,0.837777777777778,0.500,0.0,0.0
213.7999999999964,0,0,0.837777777777778,0.500,0.0,0.0
213.9999999999964,0,0,0.837777777777778,0.500,0.0,0.0
214.19999999999638,0,0,0.837777777777778,0.500,0.0,0.0
214.39999999999637,0,0,0.837777777777778,0.500,0.0,0.0
214.59999999999636,0,0,0.837777777777778,0.500,0.0,0.0
214.79999999999634,0,0,0.837777777777778,0.500,0.0,0.0
214.99999999999633,0,0,0.837777777777778,0.500,0.0,0.0
215.19999999999632,0,0,0.837777777777778,0.500,0.0,0.0
215.3999999999963,0,0,0.837777777777778,0.500,0.0,0.0
215.5999999999963,0,0,0.837777777777778,0.500,0.0,0.0
215.7999999999963,0,0,0.837777777777778,0.500,0.0,0.0
215.99999999999628,0,0,0.837777777777778,0.500,0.0,0.0
216.19999999999627,0,0,0.837777777777778,0.500,0.0,0.0
216.39999999999625,0,0,0.837777777777778,0.500,0.0,0.0
216.59999999999624,0,0,0.837777777777778,0.500,0.0,0.0
216.79999999999623,0,0,0.837777777777778,0.500,0.0,0.0
216.99999999999622,0,0,0.837777777777778,0.500,0.0,0.0
217.1999999999962,0,0,0.837777777777778,0.500,0.0,0.0
217.3999999999962,0,0,0.837777777777778,0.500,0.0,0.0
217.5999999999962,0,0,0.837777777777778,0.500,0.0,0.0
217.79999999999617,0,0,0.837777777777778,0.500,0.0,0.0
217.99999999999616,0,0,0.837777777777778,0.500,0.0,0.0
218.19999999999615,0,0,0.837777777777778,0.500,0.0,0.0
218.39999999999614,0,0,0.837777777777778,0.500,0.0,0.0
218.59999999999613,0,0,0.837777777777778,0.500,0.0,0.0
218.79999999999612,0,0,0.837777777777778,0.500,0.0,0.0
218.9999999999961,0,0,0.837777777777778,0.500,0.0,0.0
219.1999999999961,0,0,0.837777777777778,0.500,0.0,0.0
219.39999999999608,0,0,0.837777777777778,0.500,0.0,0.0
219.59999999999607,0,0,0.837777777777778,0.500,0.0,0.0
219.79999999999606,0,0,0.837777777777778,0.500,0.0,0.0
219.99999999999605,0,0,0.837777777777778,0.500,0.0,0.0
220.19999999999604,0,0,0.837777777777778,0.500,0.0,0.0
220.39999999999603,0,0,0.837777777777778,0.500,0.0,0.0
220.59999999999602,0,0,0.837777777777778,0.500,0.0,0.0
220.799999999996,0,0,0.837777777777778,0.500,0.0,0.0
220.999999999996,0,0,0.837777777777778,0.500,0.0,0.0
221.19999999999598,0,0,0.837777777777778,0.500,0.0,0.0
221.39999999999597,0,0,0.837777777777778,0.500,0.0,0.0
221.59999999999596,0,0,0.837777777777778,0.500,0.0,0.0
221.79999999999595,0,0,0.837777777777778,0.500,0.0,0.0
221.99999999999594,0,0,0.837777777777778,0.500,0.0,0.0
222.19999999999592,0,0,0.837777777777778,0.500,0.0,0.0
222.3999999999959,0,0,0.837777777777778,0.500,0.0,0.0
222.5999999999959,0,0,0.837777777777778,0.500,0.0,0.0
222.7999999999959,0,0,0.837777777777778,0.500,0.0,0.0
222.99999999999588,0,0,0.837777777777778,0.500,0.0,0.0
223.19999999999587,0,0,0.837777777777778,0.500,0.0,0.0
223.39999999999586,0,0,0.837777777777778,0.500,0.0,0.0
223.59999999999584,0,0,0.837777777777778,0.500,0.0,0.0
223.79999999999583,0,0,0.837777777777778,0.500,0.0,0.0
223.99999999999582,0,0,0.837777777777778,0.500,0.0,0.0
224.1999999999958,0,0,0.837777777777778,0.500,0.0,0.0
224.3999999999958,0,0,0.837777777777778,0.500,0.0,0.0
224.5999999999958,0,0,0.837777777777778,0.500,0.0,0.0
224.79999999999578,0,0,0.837777777777778,0.500,0.0,0.0
224.99999999999577,0,0,0.837777777777778,0.500,0.0,0.0
225.19999999999575,0,0,0.837777777777778,0.500,0.0,0.0
225.39999999999574,0,0,0.837777777777778,0.500,0.0,0.0
225.59999999999573,0,0,0.837777777777778,0.500,0.0,0.0
225.79999999999572,0,0,0.837777777777778,0.500,0.0,0.0
225.9999999999957,0,0,0.837777777777778,0.500,0.0,0.0
226.1999999999957,0,0,0.837777777777778,0.500,0.0,0.0
226.39999999999569,0,0,0.837777777777778,0.500,0.0,0.0
226.59999999999567,0,0,0.837777777777778,0.500,0.0,0.0
226.79999999999566,0,0,0.837777777777778,0.500,0.0,0.0
226.99999999999565,0,0,0.837777777777778,0.500,0.0,0.0
227.19999999999564,0,0,0.837777777777778,0.500,0.0,0.0
227.39999999999563,0,0,0.837777777777778,0.500,0.0,0.0
227.59999999999562,0,0,0.837777777777778,0.500,0.0,0.0
227.7999999999956,0,0,0.837777777777778,0.500,0.0,0.0
227.9999999999956,0,0,0.837777777777778,0.500,0.0,0.0
228.19999999999558,0,0,0.837777777777778,0.500,0.0,0.0
228.39999999999557,0,0,0.837777777777778,0.500,0.0,0.0
228.59999999999556,0,0,0.837777777777778,0.500,0.0,0.0
228.79999999999555,0,0,0.837777777777778,0.500,0.0,0.0
228.99999999999554,0,0,0.837777777777778,0.500,0.0,0.0
229.19999999999553,0,0,0.837777777777778,0.500,0.0,0.0
229.39999999999552,0,0,0.837777777777778,0.500,0.0,0.0
229.5999999999955,0,0,0.837777777777778,0.500,0.0,0.0
229.7999999999955,0,0,0.837777777777778,0.500,0.0,0.0
229.99999999999548,0,0,0.837777777777778,0.500,0.0,0.0
230.19999999999547,0,0,0.837777777777778,0.500,0.0,0.0
230.39999999999546,0,0,0.837777777777778,0.500,0.0,0.0
230.59999999999545,0,0,0.837777777777778,0.500,0.0,0.0
230.79999999999544,0,0,0.837777777777778,0.500,0.0,0.0
230.99999999999542,0,0,0.837777777777778,0.500,0.0,0.0
231.1999999999954,0,0,0.837777777777778,0.500,0.0,0.0
231.3999999999954,0,0,0.837777777777778,0.500,0.0,0.0
231.5999999999954,0,0,0.837777777777778,0.500,0.0,0.0
231.79999999999538,0,0,0.837777777777778,0.500,0.0,0.0
231.99999999999537,0,0,0.837777777777778,0.500,0.0,0.0
232.19999999999536,0,0,0.837777777777778,0.500,0.0,0.0
232.39999999999534,0,0,0.837777777777778,0.500,0.0,0.0
232.59999999999533,0,0,0.837777777777778,0.500,0.0,0.0
232.79999999999532,0,0,0.837777777777778,0.500,0.0,0.0
232.9999999999953,0,0,0.837777777777778,0.500,0.0,0.0
233.1999999999953,0,0,0.837777777777778,0.500,0.0,0.0
233.3999999999953,0,0,0.837777777777778,0.500,0.0,0.0
233.59999999999528,0,0,0.837777777777778,0.500,0.0,0.0
233.79999999999526,0,0,0.837777777777778,0.500,0.0,0.0
233.99999999999525,0,0,0.837777777777778,0.500,0.0,0.0
234.19999999999524,0,0,0.837777777777778,0.500,0.0,0.0
234.39999999999523,0,0,0.837777777777778,0.500,0.0,0.0
234.59999999999522,0,0,0.837777777777778,0.500,0.0,0.0
234.7999999999952,0,0,0.837777777777778,0.500,0.0,0.0
234.9999999999952,0,0,0.837777777777778,0.500,0.0,0.0
235.19999999999519,0,0,0.837777777777778,0.500,0.0,0.0
235.39999999999517,0,0,0.837777777777778,0.500,0.0,0.0
235.59999999999516,0,0,0.837777777777778,0.500,0.0,0.0
235.79999999999515,0,0,0.837777777777778,0.500,0.0,0.0
235.99999999999514,0,0,0.837777777777778,0.500,0.0,0.0
236.19999999999513,0,0,0.837777777777778,0.500,0.0,0.0
236.39999999999512,0,0,0.837777777777778,0.500,0.0,0.0
236.5999999999951,0,0,0.837777777777778,0.500,0.0,0.0
236.7999999999951,0,0,0.837777777777778,0.500,0.0,0.0
236.99999999999508,0,0,0.837777777777778,0.500,0.0,0.0
237.19999999999507,0,0,0.837777777777778,0.500,0.0,0.0
237.39999999999506,0,0,0.837777777777778,0.500,0.0,0.0
237.59999999999505,0,0,0.837777777777778,0.500,0.0,0.0
237.79999999999504,0,0,0.837777777777778,0.500,0.0,0.0
237.99999999999503,0,0,0.837777777777778,0.500,0.0,0.0
238.19999999999501,0,0,0.837777777777778,0.500,0.0,0.0
238.399999999995,0,0,0.837777777777778,0.500,0.0,0.0
238.599999999995,0,0,0.837777777777778,0.500,0.0,0.0
238.79999999999498,0,0,0.837777777777778,0.500,0.0,0.0
238.99999999999497,0,0,0.837777777777778,0.500,0.0,0.0
239.19999999999496,0,0,0.837777777777778,0.500,0.0,0.0
239.39999999999495,0,0,0.837777777777778,0.500,0.0,0.0
239.59999999999494,0,0,0.837777777777778,0.500,0.0,0.0
239.79999999999492,0,0,0.837777777777778,0.500,0.0,0.0
239.9999999999949,0,0,0.837777777777778,0.500,0.0,0.0
240.1999999999949,0,0,0.837777777777778,0.500,0.0,0.0
240.3999999999949,0,0,0.837777777777778,0.500,0.0,0.0
240.59999999999488,0,0,0.837777777777778,0.500,0.0,0.0
240.79999999999487,0,0,0.837777777777778,0.500,0.0,0.0
240.99999999999486,0,0,0.837777777777778,0.500,0.0,0.0
241.19999999999484,0,0,0.837777777777778,0.500,0.0,0.0
241.39999999999483,0,0,0.837777777777778,0.500,0.0,0.0
241.59999999999482,0,0,0.837777777777778,0.500,0.0,0.0
241.7999999999948,0,0,0.837777777777778,0.500,0.0,0.0
241.9999999999948,0,0,0.837777777777778,0.500,0.0,0.0
242.1999999999948,0,0,0.837777777777778,0.500,0.0,0.0
242.39999999999478,0,0,0.837777777777778,0.500,0.0,0.0
242.59999999999476,0,0,0.837777777777778,0.500,0.0,0.0
242.79999999999475,0,0,0.837777777777778,0.500,0.0,0.0
242.99999999999474,0,0,0.837777777777778,0.500,0.0,0.0
243.19999999999473,0,0,0.837777777777778,0.500,0.0,0.0
243.39999999999472,0,0,0.837777777777778,0.500,0.0,0.0
243.5999999999947,0,0,0.837777777777778,0.500,0.0,0.0
243.7999999999947,0,0,0.837777777777778,0.500,0.0,0.0
243.99999999999469,0,0,0.837777777777778,0.500,0.0,0.0
244.19999999999467,0,0,0.837777777777778,0.500,0.0,0.0
244.39999999999466,0,0,0.837777777777778,0.500,0.0,0.0
244.59999999999465,0,0,0.837777777777778,0.500,0.0,0.0
244.79999999999464,0,0,0.837777777777778,0.500,0.0,0.0
244.99999999999463,0,0,0.837777777777778,0.500,0.0,0.0
245.19999999999462,0,0,0.837777777777778,0.500,0.0,0.0
245.3999999999946,0,0,0.837777777777778,0.500,0.0,0.0
245.5999999999946,0,0,0.837777777777778,0.500,0.0,0.0
245.79999999999458,0,0,0.837777777777778,0.500,0.0,0.0
245.99999999999457,0,0,0.837777777777778,0.500,0.0,0.0
246.19999999999456,0,0,0.837777777777778,0.500,0.0,0.0
246.39999999999455,0,0,0.837777777777778,0.500,0.0,0.0
246.59999999999454,0,0,0.837777777777778,0.500,0.0,0.0
246.79999999999453,0,0,0.837777777777778,0.500,0.0,0.0
246.99999999999451,0,0,0.837777777777778,0.500,0.0,0.0
247.1999999999945,0,0,0.837777777777778,0.500,0.0,0.0
247.3999999999945,0,0,0.837777777777778,0.500,0.0,0.0
247.59999999999448,0,0,0.837777777777778,0.500,0.0,0.0
247.79999999999447,0,0,0.837777777777778,0.500,0.0,0.0
247.99999999999446,0,0,0.837777777777778,0.500,0.0,0.0
248.19999999999445,0,0,0.837777777777778,0.500,0.0,0.0
248.39999999999444,0,0,0.837777777777778,0.500,0.0,0.0
248.59999999999442,0,0,0.837777777777778,0.500,0.0,0.0
248.7999999999944,0,0,0.837777777777778,0.500,0.0,0.0
248.9999999999944,0,0,0.837777777777778,0.500,0.0,0.0
249.1999999999944,0,0,0.837777777777778,0.500,0.0,0.0
249.39999999999438,0,0,0.837777777777778,0.500,0.0,0.0
249.59999999999437,0,0,0.837777777777778,0.500,0.0,0.0
249.79999999999436,0,0,0.837777777777778,0.500,0.0,0.0
249.99999999999434,0,0,0.837777777777778,0.500,0.0,0.0
250.19999999999433,0,0,0.837777777777778,0.500,0.0,0.0
250.39999999999432,0,0,0.837777777777778,0.500,0.0,0.0
250.5999999999943,0,0,0.837777777777778,0.500,0.0,0.0
250.7999999999943,0,0,0.837777777777778,0.500,0.0,0.0
250.9999999999943,0,0,0.837777777777778,0.500,0.0,0.0
251.19999999999428,0,0,0.837777777777778,0.500,0.0,0.0
251.39999999999426,0,0,0.837777777777778,0.500,0.0,0.0
251.59999999999425,0,0,0.837777777777778,0.500,0.0,0.0
251.79999999999424,0,0,0.837777777777778,0.500,0.0,0.0
251.99999999999423,0,0,0.837777777777778,0.500,0.0,0.0
252.19999999999422,0,0,0.837777777777778,0.500,0.0,0.0
252.3999999999942,0,0,0.837777777777778,0.500,0.0,0.0
252.5999999999942,0,0,0.837777777777778,0.500,0.0,0.0
252.79999999999418,0,0,0.837777777777778,0.500,0.0,0.0
252.99999999999417,0,0,0.837777777777778,0.500,0.0,0.0
253.19999999999416,0,0,0.837777777777778,0.500,0.0,0.0
253.39999999999415,0,0,0.837777777777778,0.500,0.0,0.0
253.59999999999414,0,0,0.837777777777778,0.500,0.0,0.0
253.79999999999413,0,0,0.837777777777778,0.500,0.0,0.0
253.99999999999412,0,0,0.837777777777778,0.500,0.0,0.0
254.1999999999941,0,0,0.837777777777778,0.500,0.0,0.0
254.3999999999941,0,0,0.837777777777778,0.500,0.0,0.0
254.59999999999408,0,0,0.837777777777778,0.500,0.0,0.0
254.79999999999407,0,0,0.837777777777778,0.500,0.0,0.0
254.99999999999406,0,0,0.837777777777778,0.500,0.0,0.0
255.19999999999405,0,0,0.837777777777778,0.500,0.0,0.0
255.39999999999404,0,0,0.837777777777778,0.500,0.0,0.0
255.59999999999403,0,0,0.837777777777778,0.500,0.0,0.0
255.79999999999401,0,0,0.837777777777778,0.500,0.0,0.0
255.999999999994,0,0,0.837777777777778,0.500,0.0,0.0
256.199999999994,0,0,0.837777777777778,0.500,0.0,0.0
256.399999999994,0,0,0.837777777777778,0.500,0.0,0.0
256.599999999994,0,0,0.837777777777778,0.500,0.0,0.0
256.799999999994,0,0,0.837777777777778,0.500,0.0,0.0
256.999999999994,0,0,0.837777777777778,0.500,0.0,0.0
257.19999999999396,0,0,0.837777777777778,0.500,0.0,0.0
257.39999999999395,0,0,0.837777777777778,0.500,0.0,0.0
257.59999999999394,0,0,0.837777777777778,0.500,0.0,0.0
257.79999999999393,0,0,0.837777777777778,0.500,0.0,0.0
257.9999999999939,0,0,0.837777777777778,0.500,0.0,0.0
258.1999999999939,0,0,0.837777777777778,0.500,0.0,0.0
258.3999999999939,0,0,0.837777777777778,0.500,0.0,0.0
258.5999999999939,0,0,0.837777777777778,0.500,0.0,0.0
258.7999999999939,0,0,0.837777777777778,0.500,0.0,0.0
258.99999999999386,0,0,0.837777777777778,0.500,0.0,0.0
259.19999999999385,0,0,0.837777777777778,0.500,0.0,0.0
259.39999999999384,0,0,0.837777777777778,0.500,0.0,0.0
259.5999999999938,0,0,0.837777777777778,0.500,0.0,0.0
259.7999999999938,0,0,0.837777777777778,0.500,0.0,0.0
259.9999999999938,0,0,0.837777777777778,0.500,0.0,0.0
260.1999999999938,0,0,0.837777777777778,0.500,0.0,0.0
260.3999999999938,0,0,0.837777777777778,0.500,0.0,0.0
260.59999999999377,0,0,0.837777777777778,0.500,0.0,0.0
260.79999999999376,0,0,0.837777777777778,0.500,0.0,0.0
260.99999999999375,0,0,0.837777777777778,0.500,0.0,0.0
261.19999999999374,0,0,0.837777777777778,0.500,0.0,0.0
261.3999999999937,0,0,0.837777777777778,0.500,0.0,0.0
261.5999999999937,0,0,0.837777777777778,0.500,0.0,0.0
261.7999999999937,0,0,0.837777777777778,0.500,0.0,0.0
261.9999999999937,0,0,0.837777777777778,0.500,0.0,0.0
262.1999999999937,0,0,0.837777777777778,0.500,0.0,0.0
262.39999999999367,0,0,0.837777777777778,0.500,0.0,0.0
262.59999999999366,0,0,0.837777777777778,0.500,0.0,0.0
262.79999999999364,0,0,0.837777777777778,0.500,0.0,0.0
262.99999999999363,0,0,0.837777777777778,0.500,0.0,0.0
263.1999999999936,0,0,0.837777777777778,0.500,0.0,0.0
263.3999999999936,0,0,0.837777777777778,0.500,0.0,0.0
263.5999999999936,0,0,0.837777777777778,0.500,0.0,0.0
263.7999999999936,0,0,0.837777777777778,0.500,0.0,0.0
263.9999999999936,0,0,0.837777777777778,0.500,0.0,0.0
264.19999999999357,0,0,0.837777777777778,0.500,0.0,0.0
264.39999999999355,0,0,0.837777777777778,0.500,0.0,0.0
264.59999999999354,0,0,0.837777777777778,0.500,0.0,0.0
264.79999999999353,0,0,0.837777777777778,0.500,0.0,0.0
264.9999999999935,0,0,0.837777777777778,0.500,0.0,0.0
265.1999999999935,0,0,0.837777777777778,0.500,0.0,0.0
265.3999999999935,0,0,0.837777777777778,0.500,0.0,0.0
265.5999999999935,0,0,0.837777777777778,0.500,0.0,0.0
265.7999999999935,0,0,0.837777777777778,0.500,0.0,0.0
265.99999999999346,0,0,0.837777777777778,0.500,0.0,0.0
266.19999999999345,0,0,0.837777777777778,0.500,0.0,0.0
266.39999999999344,0,0,0.837777777777778,0.500,0.0,0.0
266.59999999999343,0,0,0.837777777777778,0.500,0.0,0.0
266.7999999999934,0,0,0.837777777777778,0.500,0.0,0.0
266.9999999999934,0,0,0.837777777777778,0.500,0.0,0.0
267.1999999999934,0,0,0.837777777777778,0.500,0.0,0.0
267.3999999999934,0,0,0.837777777777778,0.500,0.0,0.0
267.5999999999934,0,0,0.837777777777778,0.500,0.0,0.0
267.79999999999336,0,0,0.837777777777778,0.500,0.0,0.0
267.99999999999335,0,0,0.837777777777778,0.500,0.0,0.0
268.19999999999334,0,0,0.837777777777778,0.500,0.0,0.0
268.3999999999933,0,0,0.837777777777778,0.500,0.0,0.0
268.5999999999933,0,0,0.837777777777778,0.500,0.0,0.0
268.7999999999933,0,0,0.837777777777778,0.500,0.0,0.0
268.9999999999933,0,0,0.837777777777778,0.500,0.0,0.0
269.1999999999933,0,0,0.837777777777778,0.500,0.0,0.0
269.39999999999327,0,0,0.837777777777778,0.500,0.0,0.0
269.59999999999326,0,0,0.837777777777778,0.500,0.0,0.0
269.79999999999325,0,0,0.837777777777778,0.500,0.0,0.0
269.99999999999324,0,0,0.837777777777778,0.500,0.0,0.0
270.1999999999932,0,0,0.837777777777778,0.500,0.0,0.0
270.3999999999932,0,0,0.837777777777778,0.500,0.0,0.0
270.5999999999932,0,0,0.837777777777778,0.500,0.0,0.0
270.7999999999932,0,0,0.837777777777778,0.500,0.0,0.0
270.9999999999932,0,0,0.837777777777778,0.500,0.0,0.0
271.19999999999317,0,0,0.837777777777778,0.500,0.0,0.0
271.39999999999316,0,0,0.837777777777778,0.500,0.0,0.0
271.59999999999314,0,0,0.837777777777778,0.500,0.0,0.0
271.79999999999313,0,0,0.837777777777778,0.500,0.0,0.0
271.9999999999931,0,0,0.837777777777778,0.500,0.0,0.0
272.1999999999931,0,0,0.837777777777778,0.500,0.0,0.0
272.3999999999931,0,0,0.837777777777778,0.500,0.0,0.0
272.5999999999931,0,0,0.837777777777778,0.500,0.0,0.0
272.7999999999931,0,0,0.837777777777778,0.500,0.0,0.0
272.99999999999307,0,0,0.837777777777778,0.500,0.0,0.0
273.19999999999305,0,0,0.837777777777778,0.500,0.0,0.0
273.39999999999304,0,0,0.837777777777778,0.500,0.0,0.0
273.59999999999303,0,0,0.837777777777778,0.500,0.0,0.0
273.799999999993,0,0,0.837777777777778,0.500,0.0,0.0
273.999999999993,0,0,0.837777777777778,0.500,0.0,0.0
274.199999999993,0,0,0.837777777777778,0.500,0.0,0.0
274.399999999993,0,0,0.837777777777778,0.500,0.0,0.0
274.599999999993,0,0,0.837777777777778,0.500,0.0,0.0
274.79999999999296,0,0,0.837777777777778,0.500,0.0,0.0
274.99999999999295,0,0,0.837777777777778,0.500,0.0,0.0
275.19999999999294,0,0,0.837777777777778,0.500,0.0,0.0
275.39999999999293,0,0,0.837777777777778,0.500,0.0,0.0
275.5999999999929,0,0,0.837777777777778,0.500,0.0,0.0
275.7999999999929,0,0,0.837777777777778,0.500,0.0,0.0
275.9999999999929,0,0,0.837777777777778,0.500,0.0,0.0
276.1999999999929,0,0,0.837777777777778,0.500,0.0,0.0
276.3999999999929,0,0,0.837777777777778,0.500,0.0,0.0
276.59999999999286,0,0,0.837777777777778,0.500,0.0,0.0
276.79999999999285,0,0,0.837777777777778,0.500,0.0,0.0
276.99999999999284,0,0,0.837777777777778,0.500,0.0,0.0
277.1999999999928,0,0,0.837777777777778,0.500,0.0,0.0
277.3999999999928,0,0,0.837777777777778,0.500,0.0,0.0
277.5999999999928,0,0,0.837777777777778,0.500,0.0,0.0
277.7999999999928,0,0,0.837777777777778,0.500,0.0,0.0
277.9999999999928,0,0,0.837777777777778,0.500,0.0,0.0
278.19999999999277,0,0,0.837777777777778,0.500,0.0,0.0
278.39999999999276,0,0,0.837777777777778,0.500,0.0,0.0
278.59999999999275,0,0,0.837777777777778,0.500,0.0,0.0
278.79999999999274,0,0,0.837777777777778,0.500,0.0,0.0
278.9999999999927,0,0,0.837777777777778,0.500,0.0,0.0
279.1999999999927,0,0,0.837777777777778,0.500,0.0,0.0
279.3999999999927,0,0,0.837777777777778,0.500,0.0,0.0
279.5999999999927,0,0,0.837777777777778,0.500,0.0,0.0
279.7999999999927,0,0,0.837777777777778,0.500,0.0,0.0
279.99999999999267,0,0,0.837777777777778,0.500,0.0,0.0
280.19999999999266,0,0,0.837777777777778,0.500,0.0,0.0
280.39999999999264,0,0,0.837777777777778,0.500,0.0,0.0
280.59999999999263,0,0,0.837777777777778,0.500,0.0,0.0
280.7999999999926,0,0,0.837777777777778,0.500,0.0,0.0
280.9999999999926,0,0,0.837777777777778,0.500,0.0,0.0
281.1999999999926,0,0,0.837777777777778,0.500,0.0,0.0
281.3999999999926,0,0,0.837777777777778,0.500,0.0,0.0
281.5999999999926,0,0,0.837777777777778,0.500,0.0,0.0
281.79999999999256,0,0,0.837777777777778,0.500,0.0,0.0
281.99999999999255,0,0,0.837777777777778,0.500,0.0,0.0
282.19999999999254,0,0,0.837777777777778,0.500,0.0,0.0
282.39999999999253,0,0,0.837777777777778,0.500,0.0,0.0
282.5999999999925,0,0,0.837777777777778,0.500,0.0,0.0
282.7999999999925,0,0,0.837777777777778,0.500,0.0,0.0
282.9999999999925,0,0,0.837777777777778,0.500,0.0,0.0
283.1999999999925,0,0,0.837777777777778,0.500,0.0,0.0
283.3999999999925,0,0,0.837777777777778,0.500,0.0,0.0
283.59999999999246,0,0,0.837777777777778,0.500,0.0,0.0
283.79999999999245,0,0,0.837777777777778,0.500,0.0,0.0
283.99999999999244,0,0,0.837777777777778,0.500,0.0,0.0
284.19999999999243,0,0,0.837777777777778,0.500,0.0,0.0
284.3999999999924,0,0,0.837777777777778,0.500,0.0,0.0
284.5999999999924,0,0,0.837777777777778,0.500,0.0,0.0
284.7999999999924,0,0,0.837777777777778,0.500,0.0,0.0
284.9999999999924,0,0,0.837777777777778,0.500,0.0,0.0
285.1999999999924,0,0,0.837777777777778,0.500,0.0,0.0
285.39999999999236,0,0,0.837777777777778,0.500,0.0,0.0
285.59999999999235,0,0,0.837777777777778,0.500,0.0,0.0
285.79999999999234,0,0,0.837777777777778,0.500,0.0,0.0
285.9999999999923,0,0,0.837777777777778,0.500,0.0,0.0
286.1999999999923,0,0,0.837777777777778,0.500,0.0,0.0
286.3999999999923,0,0,0.837777777777778,0.500,0.0,0.0
286.5999999999923,0,0,0.837777777777778,0.500,0.0,0.0
286.7999999999923,0,0,0.837777777777778,0.500,0.0,0.0
